,call,fit_time,score_time,test_accuracy,test_f1,test_precision,test_recall,train_accuracy,train_f1,train_precision,train_recall,subgenre_level,class1,class2,data_repetition
0,0,0.008028268814086914,0.004689455032348633,0.6428571428571429,0.6153846153846153,0.6666666666666666,0.5714285714285714,1.0,1.0,1.0,1.0,subgenre-theme,novela histórica,other,0
1,1,0.008104085922241211,0.004410266876220703,0.7857142857142857,0.7692307692307692,0.8333333333333334,0.7142857142857143,1.0,1.0,1.0,1.0,subgenre-theme,novela histórica,other,0
2,2,0.008295297622680664,0.004519939422607422,0.6428571428571429,0.6666666666666666,0.625,0.7142857142857143,1.0,1.0,1.0,1.0,subgenre-theme,novela histórica,other,0
3,3,0.008137702941894531,0.004407405853271484,0.5714285714285714,0.6250000000000001,0.5555555555555556,0.7142857142857143,1.0,1.0,1.0,1.0,subgenre-theme,novela histórica,other,0
4,4,0.008392095565795898,0.004314899444580078,0.46153846153846156,0.4615384615384615,0.42857142857142855,0.5,1.0,1.0,1.0,1.0,subgenre-theme,novela histórica,other,0
5,5,0.008309602737426758,0.004311800003051758,0.6923076923076923,0.6666666666666666,0.6666666666666666,0.6666666666666666,1.0,1.0,1.0,1.0,subgenre-theme,novela histórica,other,0
6,6,0.008298873901367188,0.004291534423828125,0.6153846153846154,0.5454545454545454,0.6,0.5,1.0,1.0,1.0,1.0,subgenre-theme,novela histórica,other,0
7,7,0.008244037628173828,0.00428318977355957,0.6923076923076923,0.6666666666666666,0.8,0.5714285714285714,1.0,1.0,1.0,1.0,subgenre-theme,novela histórica,other,0
8,8,0.008407115936279297,0.004325151443481445,0.6923076923076923,0.7142857142857143,0.7142857142857143,0.7142857142857143,1.0,1.0,1.0,1.0,subgenre-theme,novela histórica,other,0
9,9,0.00839090347290039,0.004797697067260742,0.5384615384615384,0.5,0.6,0.42857142857142855,1.0,1.0,1.0,1.0,subgenre-theme,novela histórica,other,0
10,0,0.007847070693969727,0.0042724609375,0.6428571428571429,0.6153846153846153,0.6666666666666666,0.5714285714285714,1.0,1.0,1.0,1.0,subgenre-theme,novela histórica,other,1
11,1,0.008320331573486328,0.004263877868652344,0.7142857142857143,0.75,0.6666666666666666,0.8571428571428571,1.0,1.0,1.0,1.0,subgenre-theme,novela histórica,other,1
12,2,0.007805824279785156,0.004258632659912109,0.6428571428571429,0.6153846153846153,0.6666666666666666,0.5714285714285714,1.0,1.0,1.0,1.0,subgenre-theme,novela histórica,other,1
13,3,0.008074283599853516,0.0044097900390625,0.5714285714285714,0.6666666666666665,0.5454545454545454,0.8571428571428571,1.0,1.0,1.0,1.0,subgenre-theme,novela histórica,other,1
14,4,0.008428812026977539,0.004363536834716797,0.7692307692307693,0.6666666666666666,1.0,0.5,1.0,1.0,1.0,1.0,subgenre-theme,novela histórica,other,1
15,5,0.008426666259765625,0.004347801208496094,0.7692307692307693,0.7692307692307692,0.7142857142857143,0.8333333333333334,1.0,1.0,1.0,1.0,subgenre-theme,novela histórica,other,1
16,6,0.008574247360229492,0.004327297210693359,0.8461538461538461,0.8,1.0,0.6666666666666666,1.0,1.0,1.0,1.0,subgenre-theme,novela histórica,other,1
17,7,0.008456230163574219,0.004376888275146484,0.8461538461538461,0.8333333333333333,1.0,0.7142857142857143,1.0,1.0,1.0,1.0,subgenre-theme,novela histórica,other,1
18,8,0.008168220520019531,0.004279613494873047,0.6153846153846154,0.7058823529411764,0.6,0.8571428571428571,1.0,1.0,1.0,1.0,subgenre-theme,novela histórica,other,1
19,9,0.008329629898071289,0.0046498775482177734,0.7692307692307693,0.7692307692307692,0.8333333333333334,0.7142857142857143,1.0,1.0,1.0,1.0,subgenre-theme,novela histórica,other,1
20,0,0.008846282958984375,0.0050127506256103516,0.5714285714285714,0.5714285714285714,0.5714285714285714,0.5714285714285714,1.0,1.0,1.0,1.0,subgenre-theme,novela histórica,other,2
21,1,0.008576631546020508,0.004914999008178711,0.8571428571428571,0.8571428571428571,0.8571428571428571,0.8571428571428571,1.0,1.0,1.0,1.0,subgenre-theme,novela histórica,other,2
22,2,0.009279727935791016,0.004700899124145508,0.6428571428571429,0.7058823529411764,0.6,0.8571428571428571,1.0,1.0,1.0,1.0,subgenre-theme,novela histórica,other,2
23,3,0.00810551643371582,0.005555391311645508,0.5714285714285714,0.6250000000000001,0.5555555555555556,0.7142857142857143,1.0,1.0,1.0,1.0,subgenre-theme,novela histórica,other,2
24,4,0.007946491241455078,0.0042572021484375,0.38461538461538464,0.3333333333333333,0.3333333333333333,0.3333333333333333,1.0,1.0,1.0,1.0,subgenre-theme,novela histórica,other,2
25,5,0.007935762405395508,0.004246711730957031,0.6153846153846154,0.5454545454545454,0.6,0.5,1.0,1.0,1.0,1.0,subgenre-theme,novela histórica,other,2
26,6,0.008044004440307617,0.004293203353881836,0.7692307692307693,0.7692307692307692,0.7142857142857143,0.8333333333333334,1.0,1.0,1.0,1.0,subgenre-theme,novela histórica,other,2
27,7,0.00820612907409668,0.004368782043457031,0.5384615384615384,0.5714285714285714,0.5714285714285714,0.5714285714285714,1.0,1.0,1.0,1.0,subgenre-theme,novela histórica,other,2
28,8,0.007970094680786133,0.004247903823852539,0.7692307692307693,0.7692307692307692,0.8333333333333334,0.7142857142857143,1.0,1.0,1.0,1.0,subgenre-theme,novela histórica,other,2
29,9,0.008224010467529297,0.0043048858642578125,1.0,1.0,1.0,1.0,1.0,1.0,1.0,1.0,subgenre-theme,novela histórica,other,2
30,0,0.00758671760559082,0.0043544769287109375,0.7142857142857143,0.6666666666666666,0.8,0.5714285714285714,1.0,1.0,1.0,1.0,subgenre-theme,novela histórica,other,3
31,1,0.007701396942138672,0.004281759262084961,0.7857142857142857,0.7692307692307692,0.8333333333333334,0.7142857142857143,1.0,1.0,1.0,1.0,subgenre-theme,novela histórica,other,3
32,2,0.0075604915618896484,0.00420832633972168,0.6428571428571429,0.6666666666666666,0.625,0.7142857142857143,1.0,1.0,1.0,1.0,subgenre-theme,novela histórica,other,3
33,3,0.007391214370727539,0.004246234893798828,0.7857142857142857,0.7999999999999999,0.75,0.8571428571428571,1.0,1.0,1.0,1.0,subgenre-theme,novela histórica,other,3
34,4,0.007926464080810547,0.004279613494873047,0.7692307692307693,0.7692307692307692,0.8333333333333334,0.7142857142857143,1.0,1.0,1.0,1.0,subgenre-theme,novela histórica,other,3
35,5,0.00780797004699707,0.004294395446777344,0.8461538461538461,0.8571428571428571,0.8571428571428571,0.8571428571428571,1.0,1.0,1.0,1.0,subgenre-theme,novela histórica,other,3
36,6,0.007966041564941406,0.004212617874145508,0.9230769230769231,0.9333333333333333,0.875,1.0,1.0,1.0,1.0,1.0,subgenre-theme,novela histórica,other,3
37,7,0.007805347442626953,0.00417017936706543,0.6923076923076923,0.7142857142857143,0.625,0.8333333333333334,1.0,1.0,1.0,1.0,subgenre-theme,novela histórica,other,3
38,8,0.0075299739837646484,0.004208087921142578,0.6153846153846154,0.6666666666666667,0.5555555555555556,0.8333333333333334,1.0,1.0,1.0,1.0,subgenre-theme,novela histórica,other,3
39,9,0.007868766784667969,0.0043795108795166016,0.9230769230769231,0.923076923076923,0.8571428571428571,1.0,1.0,1.0,1.0,1.0,subgenre-theme,novela histórica,other,3
40,0,0.008083581924438477,0.004395723342895508,0.6428571428571429,0.5454545454545454,0.75,0.42857142857142855,1.0,1.0,1.0,1.0,subgenre-theme,novela histórica,other,4
41,1,0.007862329483032227,0.004391193389892578,0.7857142857142857,0.7999999999999999,0.75,0.8571428571428571,1.0,1.0,1.0,1.0,subgenre-theme,novela histórica,other,4
42,2,0.007966041564941406,0.004424095153808594,0.5714285714285714,0.6666666666666665,0.5454545454545454,0.8571428571428571,1.0,1.0,1.0,1.0,subgenre-theme,novela histórica,other,4
43,3,0.007994890213012695,0.004461526870727539,0.5714285714285714,0.5714285714285714,0.5714285714285714,0.5714285714285714,1.0,1.0,1.0,1.0,subgenre-theme,novela histórica,other,4
44,4,0.007892370223999023,0.004370689392089844,0.7692307692307693,0.7272727272727272,0.8,0.6666666666666666,1.0,1.0,1.0,1.0,subgenre-theme,novela histórica,other,4
45,5,0.008062124252319336,0.004374265670776367,0.7692307692307693,0.7272727272727272,0.8,0.6666666666666666,1.0,1.0,1.0,1.0,subgenre-theme,novela histórica,other,4
46,6,0.008005380630493164,0.004358530044555664,0.8461538461538461,0.8333333333333334,0.8333333333333334,0.8333333333333334,1.0,1.0,1.0,1.0,subgenre-theme,novela histórica,other,4
47,7,0.007859945297241211,0.004213094711303711,0.6153846153846154,0.6666666666666666,0.625,0.7142857142857143,1.0,1.0,1.0,1.0,subgenre-theme,novela histórica,other,4
48,8,0.007659912109375,0.004246234893798828,0.6923076923076923,0.75,0.6666666666666666,0.8571428571428571,1.0,1.0,1.0,1.0,subgenre-theme,novela histórica,other,4
49,9,0.007919073104858398,0.004191875457763672,0.7692307692307693,0.7692307692307692,0.8333333333333334,0.7142857142857143,1.0,1.0,1.0,1.0,subgenre-theme,novela histórica,other,4
50,0,0.007904052734375,0.0043795108795166016,0.5714285714285714,0.5714285714285714,0.5714285714285714,0.5714285714285714,1.0,1.0,1.0,1.0,subgenre-theme,novela histórica,other,5
51,1,0.007917165756225586,0.004294395446777344,0.8571428571428571,0.8571428571428571,0.8571428571428571,0.8571428571428571,1.0,1.0,1.0,1.0,subgenre-theme,novela histórica,other,5
52,2,0.007892131805419922,0.004247426986694336,0.7857142857142857,0.7692307692307692,0.8333333333333334,0.7142857142857143,1.0,1.0,1.0,1.0,subgenre-theme,novela histórica,other,5
53,3,0.007651805877685547,0.004230976104736328,0.5714285714285714,0.6250000000000001,0.5555555555555556,0.7142857142857143,1.0,1.0,1.0,1.0,subgenre-theme,novela histórica,other,5
54,4,0.007939815521240234,0.004263639450073242,0.5384615384615384,0.5,0.5,0.5,1.0,1.0,1.0,1.0,subgenre-theme,novela histórica,other,5
55,5,0.007981300354003906,0.00423884391784668,0.5384615384615384,0.5,0.5,0.5,1.0,1.0,1.0,1.0,subgenre-theme,novela histórica,other,5
56,6,0.00794219970703125,0.0042324066162109375,0.8461538461538461,0.8,1.0,0.6666666666666666,1.0,1.0,1.0,1.0,subgenre-theme,novela histórica,other,5
57,7,0.007781267166137695,0.004404783248901367,0.7692307692307693,0.8235294117647058,0.7,1.0,1.0,1.0,1.0,1.0,subgenre-theme,novela histórica,other,5
58,8,0.007908821105957031,0.004220247268676758,0.6153846153846154,0.6666666666666666,0.625,0.7142857142857143,1.0,1.0,1.0,1.0,subgenre-theme,novela histórica,other,5
59,9,0.007848978042602539,0.004225730895996094,0.5384615384615384,0.5714285714285714,0.5714285714285714,0.5714285714285714,1.0,1.0,1.0,1.0,subgenre-theme,novela histórica,other,5
60,0,0.008216142654418945,0.004408359527587891,0.7142857142857143,0.6666666666666666,0.8,0.5714285714285714,1.0,1.0,1.0,1.0,subgenre-theme,novela histórica,other,6
61,1,0.00802469253540039,0.004318952560424805,0.5714285714285714,0.6666666666666665,0.5454545454545454,0.8571428571428571,1.0,1.0,1.0,1.0,subgenre-theme,novela histórica,other,6
62,2,0.0077512264251708984,0.0042018890380859375,0.6428571428571429,0.6666666666666666,0.625,0.7142857142857143,1.0,1.0,1.0,1.0,subgenre-theme,novela histórica,other,6
63,3,0.007954597473144531,0.0042724609375,0.7142857142857143,0.75,0.6666666666666666,0.8571428571428571,1.0,1.0,1.0,1.0,subgenre-theme,novela histórica,other,6
64,4,0.007880926132202148,0.004197120666503906,0.6923076923076923,0.6666666666666666,0.6666666666666666,0.6666666666666666,1.0,1.0,1.0,1.0,subgenre-theme,novela histórica,other,6
65,5,0.00813436508178711,0.004171848297119141,0.7692307692307693,0.7272727272727272,0.8,0.6666666666666666,1.0,1.0,1.0,1.0,subgenre-theme,novela histórica,other,6
66,6,0.008578062057495117,0.0045185089111328125,0.7692307692307693,0.7692307692307692,0.7142857142857143,0.8333333333333334,1.0,1.0,1.0,1.0,subgenre-theme,novela histórica,other,6
67,7,0.008014440536499023,0.004492521286010742,0.7692307692307693,0.7999999999999999,0.75,0.8571428571428571,1.0,1.0,1.0,1.0,subgenre-theme,novela histórica,other,6
68,8,0.007990121841430664,0.0042302608489990234,0.6923076923076923,0.75,0.6666666666666666,0.8571428571428571,1.0,1.0,1.0,1.0,subgenre-theme,novela histórica,other,6
69,9,0.007981300354003906,0.004574298858642578,0.8461538461538461,0.8571428571428571,0.8571428571428571,0.8571428571428571,1.0,1.0,1.0,1.0,subgenre-theme,novela histórica,other,6
70,0,0.007465362548828125,0.004341602325439453,0.7142857142857143,0.6666666666666666,0.8,0.5714285714285714,1.0,1.0,1.0,1.0,subgenre-theme,novela histórica,other,7
71,1,0.007467746734619141,0.004254579544067383,0.8571428571428571,0.8750000000000001,0.7777777777777778,1.0,1.0,1.0,1.0,1.0,subgenre-theme,novela histórica,other,7
72,2,0.008085250854492188,0.005430459976196289,0.7857142857142857,0.7692307692307692,0.8333333333333334,0.7142857142857143,1.0,1.0,1.0,1.0,subgenre-theme,novela histórica,other,7
73,3,0.007492780685424805,0.004172325134277344,0.6428571428571429,0.6666666666666666,0.625,0.7142857142857143,1.0,1.0,1.0,1.0,subgenre-theme,novela histórica,other,7
74,4,0.00806117057800293,0.004538059234619141,0.6923076923076923,0.7142857142857143,0.7142857142857143,0.7142857142857143,1.0,1.0,1.0,1.0,subgenre-theme,novela histórica,other,7
75,5,0.007445335388183594,0.004164218902587891,0.7692307692307693,0.7272727272727273,1.0,0.5714285714285714,1.0,1.0,1.0,1.0,subgenre-theme,novela histórica,other,7
76,6,0.0077860355377197266,0.004280805587768555,0.8461538461538461,0.8571428571428571,0.8571428571428571,0.8571428571428571,1.0,1.0,1.0,1.0,subgenre-theme,novela histórica,other,7
77,7,0.007906436920166016,0.004258394241333008,0.7692307692307693,0.7692307692307692,0.7142857142857143,0.8333333333333334,1.0,1.0,1.0,1.0,subgenre-theme,novela histórica,other,7
78,8,0.007680416107177734,0.0042455196380615234,0.7692307692307693,0.7692307692307692,0.7142857142857143,0.8333333333333334,1.0,1.0,1.0,1.0,subgenre-theme,novela histórica,other,7
79,9,0.007984399795532227,0.0042226314544677734,0.6923076923076923,0.7499999999999999,0.6,1.0,1.0,1.0,1.0,1.0,subgenre-theme,novela histórica,other,7
80,0,0.0078084468841552734,0.004376649856567383,0.5714285714285714,0.5714285714285714,0.5714285714285714,0.5714285714285714,1.0,1.0,1.0,1.0,subgenre-theme,novela histórica,other,8
81,1,0.008085012435913086,0.0045778751373291016,0.7857142857142857,0.7999999999999999,0.75,0.8571428571428571,1.0,1.0,1.0,1.0,subgenre-theme,novela histórica,other,8
82,2,0.007578134536743164,0.00435185432434082,0.6428571428571429,0.6153846153846153,0.6666666666666666,0.5714285714285714,1.0,1.0,1.0,1.0,subgenre-theme,novela histórica,other,8
83,3,0.007623910903930664,0.004637002944946289,0.7142857142857143,0.7142857142857143,0.7142857142857143,0.7142857142857143,1.0,1.0,1.0,1.0,subgenre-theme,novela histórica,other,8
84,4,0.007746219635009766,0.004235506057739258,0.7692307692307693,0.7999999999999999,0.75,0.8571428571428571,1.0,1.0,1.0,1.0,subgenre-theme,novela histórica,other,8
85,5,0.007680177688598633,0.0042324066162109375,0.6923076923076923,0.6,1.0,0.42857142857142855,1.0,1.0,1.0,1.0,subgenre-theme,novela histórica,other,8
86,6,0.0077114105224609375,0.004227876663208008,0.8461538461538461,0.8571428571428571,0.8571428571428571,0.8571428571428571,1.0,1.0,1.0,1.0,subgenre-theme,novela histórica,other,8
87,7,0.00793910026550293,0.004267692565917969,0.8461538461538461,0.8571428571428571,0.75,1.0,1.0,1.0,1.0,1.0,subgenre-theme,novela histórica,other,8
88,8,0.0077593326568603516,0.0041790008544921875,0.6923076923076923,0.7142857142857143,0.625,0.8333333333333334,1.0,1.0,1.0,1.0,subgenre-theme,novela histórica,other,8
89,9,0.007791996002197266,0.004181861877441406,0.6923076923076923,0.7142857142857143,0.625,0.8333333333333334,1.0,1.0,1.0,1.0,subgenre-theme,novela histórica,other,8
90,0,0.009134531021118164,0.00511932373046875,0.5714285714285714,0.5714285714285714,0.5714285714285714,0.5714285714285714,1.0,1.0,1.0,1.0,subgenre-theme,novela histórica,other,9
91,1,0.008130311965942383,0.004724740982055664,0.8571428571428571,0.8571428571428571,0.8571428571428571,0.8571428571428571,1.0,1.0,1.0,1.0,subgenre-theme,novela histórica,other,9
92,2,0.008081197738647461,0.0054323673248291016,0.5714285714285714,0.6250000000000001,0.5555555555555556,0.7142857142857143,1.0,1.0,1.0,1.0,subgenre-theme,novela histórica,other,9
93,3,0.008182048797607422,0.004641532897949219,0.6428571428571429,0.6666666666666666,0.625,0.7142857142857143,1.0,1.0,1.0,1.0,subgenre-theme,novela histórica,other,9
94,4,0.008322954177856445,0.004516124725341797,0.6153846153846154,0.5454545454545454,0.6,0.5,1.0,1.0,1.0,1.0,subgenre-theme,novela histórica,other,9
95,5,0.008161783218383789,0.004347562789916992,0.8461538461538461,0.8333333333333334,0.8333333333333334,0.8333333333333334,1.0,1.0,1.0,1.0,subgenre-theme,novela histórica,other,9
96,6,0.007811307907104492,0.004233360290527344,0.6923076923076923,0.7142857142857143,0.625,0.8333333333333334,1.0,1.0,1.0,1.0,subgenre-theme,novela histórica,other,9
97,7,0.007990121841430664,0.0043179988861083984,0.6153846153846154,0.5454545454545454,0.75,0.42857142857142855,1.0,1.0,1.0,1.0,subgenre-theme,novela histórica,other,9
98,8,0.008169412612915039,0.0043413639068603516,0.6153846153846154,0.6666666666666666,0.625,0.7142857142857143,1.0,1.0,1.0,1.0,subgenre-theme,novela histórica,other,9
99,9,0.007896900177001953,0.004269838333129883,0.5384615384615384,0.5,0.6,0.42857142857142855,1.0,1.0,1.0,1.0,subgenre-theme,novela histórica,other,9
100,0,0.007700204849243164,0.006814718246459961,0.5454545454545454,0.5454545454545454,0.5,0.6,1.0,1.0,1.0,1.0,subgenre-theme,novela sentimental,other,0
101,1,0.006825685501098633,0.007006406784057617,0.45454545454545453,0.4000000000000001,0.4,0.4,1.0,1.0,1.0,1.0,subgenre-theme,novela sentimental,other,0
102,2,0.007553577423095703,0.005537509918212891,0.36363636363636365,0.0,0.0,0.0,1.0,1.0,1.0,1.0,subgenre-theme,novela sentimental,other,0
103,3,0.006523609161376953,0.005800485610961914,0.7272727272727273,0.6666666666666665,0.75,0.6,1.0,1.0,1.0,1.0,subgenre-theme,novela sentimental,other,0
104,4,0.006044864654541016,0.004103422164916992,0.45454545454545453,0.4000000000000001,0.4,0.4,1.0,1.0,1.0,1.0,subgenre-theme,novela sentimental,other,0
105,5,0.006181240081787109,0.004193544387817383,0.6363636363636364,0.6,0.75,0.5,1.0,1.0,1.0,1.0,subgenre-theme,novela sentimental,other,0
106,6,0.005986213684082031,0.0041522979736328125,0.7272727272727273,0.7272727272727272,0.8,0.6666666666666666,1.0,1.0,1.0,1.0,subgenre-theme,novela sentimental,other,0
107,7,0.006112813949584961,0.0041844844818115234,0.45454545454545453,0.5,0.5,0.5,1.0,1.0,1.0,1.0,subgenre-theme,novela sentimental,other,0
108,8,0.0058917999267578125,0.004142284393310547,0.5454545454545454,0.5454545454545454,0.6,0.5,1.0,1.0,1.0,1.0,subgenre-theme,novela sentimental,other,0
109,9,0.006059408187866211,0.004149436950683594,0.5454545454545454,0.5454545454545454,0.6,0.5,1.0,1.0,1.0,1.0,subgenre-theme,novela sentimental,other,0
110,0,0.006676435470581055,0.005123615264892578,0.7272727272727273,0.7692307692307692,0.7142857142857143,0.8333333333333334,1.0,1.0,1.0,1.0,subgenre-theme,novela sentimental,other,1
111,1,0.005810260772705078,0.004186868667602539,0.5454545454545454,0.4444444444444444,0.6666666666666666,0.3333333333333333,1.0,1.0,1.0,1.0,subgenre-theme,novela sentimental,other,1
112,2,0.005964994430541992,0.004129886627197266,0.45454545454545453,0.4,0.5,0.3333333333333333,1.0,1.0,1.0,1.0,subgenre-theme,novela sentimental,other,1
113,3,0.00588536262512207,0.004335880279541016,0.45454545454545453,0.4,0.5,0.3333333333333333,1.0,1.0,1.0,1.0,subgenre-theme,novela sentimental,other,1
114,4,0.005977630615234375,0.004118442535400391,0.8181818181818182,0.8333333333333334,0.8333333333333334,0.8333333333333334,1.0,1.0,1.0,1.0,subgenre-theme,novela sentimental,other,1
115,5,0.0061016082763671875,0.005743741989135742,0.8181818181818182,0.8333333333333333,0.7142857142857143,1.0,1.0,1.0,1.0,1.0,subgenre-theme,novela sentimental,other,1
116,6,0.006409883499145508,0.004853487014770508,0.6363636363636364,0.6666666666666666,0.5714285714285714,0.8,1.0,1.0,1.0,1.0,subgenre-theme,novela sentimental,other,1
117,7,0.0072171688079833984,0.004480600357055664,0.6363636363636364,0.6,0.6,0.6,1.0,1.0,1.0,1.0,subgenre-theme,novela sentimental,other,1
118,8,0.007168769836425781,0.004280805587768555,0.45454545454545453,0.4000000000000001,0.4,0.4,1.0,1.0,1.0,1.0,subgenre-theme,novela sentimental,other,1
119,9,0.006041288375854492,0.004266023635864258,0.7272727272727273,0.7692307692307693,0.625,1.0,1.0,1.0,1.0,1.0,subgenre-theme,novela sentimental,other,1
120,0,0.006208658218383789,0.004518032073974609,0.8181818181818182,0.8333333333333334,0.8333333333333334,0.8333333333333334,1.0,1.0,1.0,1.0,subgenre-theme,novela sentimental,other,2
121,1,0.005921125411987305,0.004536151885986328,0.7272727272727273,0.7272727272727272,0.8,0.6666666666666666,1.0,1.0,1.0,1.0,subgenre-theme,novela sentimental,other,2
122,2,0.0061457157135009766,0.004521369934082031,0.5454545454545454,0.6153846153846153,0.5714285714285714,0.6666666666666666,1.0,1.0,1.0,1.0,subgenre-theme,novela sentimental,other,2
123,3,0.006043672561645508,0.004415750503540039,0.6363636363636364,0.5,1.0,0.3333333333333333,1.0,1.0,1.0,1.0,subgenre-theme,novela sentimental,other,2
124,4,0.006165742874145508,0.0045588016510009766,0.7272727272727273,0.7272727272727272,0.8,0.6666666666666666,1.0,1.0,1.0,1.0,subgenre-theme,novela sentimental,other,2
125,5,0.005928993225097656,0.004022836685180664,0.6363636363636364,0.7142857142857143,0.5555555555555556,1.0,1.0,1.0,1.0,1.0,subgenre-theme,novela sentimental,other,2
126,6,0.006053447723388672,0.004614830017089844,0.7272727272727273,0.7272727272727272,0.6666666666666666,0.8,1.0,1.0,1.0,1.0,subgenre-theme,novela sentimental,other,2
127,7,0.006483554840087891,0.004626035690307617,0.9090909090909091,0.888888888888889,1.0,0.8,1.0,1.0,1.0,1.0,subgenre-theme,novela sentimental,other,2
128,8,0.006383419036865234,0.004452705383300781,0.45454545454545453,0.25,0.3333333333333333,0.2,1.0,1.0,1.0,1.0,subgenre-theme,novela sentimental,other,2
129,9,0.006867408752441406,0.004463911056518555,0.9090909090909091,0.888888888888889,1.0,0.8,1.0,1.0,1.0,1.0,subgenre-theme,novela sentimental,other,2
130,0,0.005948781967163086,0.004152059555053711,0.5454545454545454,0.5454545454545454,0.6,0.5,1.0,1.0,1.0,1.0,subgenre-theme,novela sentimental,other,3
131,1,0.0058324337005615234,0.004232883453369141,0.45454545454545453,0.25,0.5,0.16666666666666666,1.0,1.0,1.0,1.0,subgenre-theme,novela sentimental,other,3
132,2,0.005888223648071289,0.004062652587890625,0.45454545454545453,0.5714285714285715,0.5,0.6666666666666666,1.0,1.0,1.0,1.0,subgenre-theme,novela sentimental,other,3
133,3,0.005835056304931641,0.004089832305908203,0.45454545454545453,0.25,0.5,0.16666666666666666,1.0,1.0,1.0,1.0,subgenre-theme,novela sentimental,other,3
134,4,0.005905628204345703,0.004049777984619141,0.8181818181818182,0.8,1.0,0.6666666666666666,1.0,1.0,1.0,1.0,subgenre-theme,novela sentimental,other,3
135,5,0.0058519840240478516,0.004076480865478516,0.45454545454545453,0.5714285714285714,0.4444444444444444,0.8,1.0,1.0,1.0,1.0,subgenre-theme,novela sentimental,other,3
136,6,0.005926609039306641,0.004087209701538086,0.5454545454545454,0.5454545454545454,0.5,0.6,1.0,1.0,1.0,1.0,subgenre-theme,novela sentimental,other,3
137,7,0.0059604644775390625,0.004080772399902344,0.9090909090909091,0.9090909090909091,0.8333333333333334,1.0,1.0,1.0,1.0,1.0,subgenre-theme,novela sentimental,other,3
138,8,0.00600886344909668,0.004088163375854492,0.36363636363636365,0.0,0.0,0.0,1.0,1.0,1.0,1.0,subgenre-theme,novela sentimental,other,3
139,9,0.0058078765869140625,0.00403141975402832,0.8181818181818182,0.8333333333333333,0.7142857142857143,1.0,1.0,1.0,1.0,1.0,subgenre-theme,novela sentimental,other,3
140,0,0.006120443344116211,0.004397153854370117,0.6363636363636364,0.6666666666666666,0.6666666666666666,0.6666666666666666,1.0,1.0,1.0,1.0,subgenre-theme,novela sentimental,other,4
141,1,0.006070137023925781,0.0041768550872802734,0.5454545454545454,0.2857142857142857,1.0,0.16666666666666666,1.0,1.0,1.0,1.0,subgenre-theme,novela sentimental,other,4
142,2,0.005899190902709961,0.004244327545166016,0.5454545454545454,0.5454545454545454,0.6,0.5,1.0,1.0,1.0,1.0,subgenre-theme,novela sentimental,other,4
143,3,0.006150484085083008,0.0044972896575927734,0.7272727272727273,0.6666666666666666,1.0,0.5,1.0,1.0,1.0,1.0,subgenre-theme,novela sentimental,other,4
144,4,0.006053447723388672,0.004558563232421875,0.8181818181818182,0.8333333333333334,0.8333333333333334,0.8333333333333334,1.0,1.0,1.0,1.0,subgenre-theme,novela sentimental,other,4
145,5,0.006139993667602539,0.004190921783447266,0.8181818181818182,0.8333333333333333,0.7142857142857143,1.0,1.0,1.0,1.0,1.0,subgenre-theme,novela sentimental,other,4
146,6,0.0061681270599365234,0.0042192935943603516,0.6363636363636364,0.6666666666666666,0.5714285714285714,0.8,1.0,1.0,1.0,1.0,subgenre-theme,novela sentimental,other,4
147,7,0.006083488464355469,0.004176139831542969,0.8181818181818182,0.8333333333333333,0.7142857142857143,1.0,1.0,1.0,1.0,1.0,subgenre-theme,novela sentimental,other,4
148,8,0.006261348724365234,0.004377603530883789,0.6363636363636364,0.6,0.6,0.6,1.0,1.0,1.0,1.0,subgenre-theme,novela sentimental,other,4
149,9,0.006333589553833008,0.004663944244384766,0.5454545454545454,0.6153846153846154,0.5,0.8,1.0,1.0,1.0,1.0,subgenre-theme,novela sentimental,other,4
150,0,0.005882978439331055,0.004114866256713867,0.45454545454545453,0.4000000000000001,0.4,0.4,1.0,1.0,1.0,1.0,subgenre-theme,novela sentimental,other,5
151,1,0.005946159362792969,0.004099845886230469,0.7272727272727273,0.5714285714285715,1.0,0.4,1.0,1.0,1.0,1.0,subgenre-theme,novela sentimental,other,5
152,2,0.0058422088623046875,0.004034996032714844,0.6363636363636364,0.6,0.6,0.6,1.0,1.0,1.0,1.0,subgenre-theme,novela sentimental,other,5
153,3,0.005936384201049805,0.004303455352783203,0.6363636363636364,0.5,0.6666666666666666,0.4,1.0,1.0,1.0,1.0,subgenre-theme,novela sentimental,other,5
154,4,0.005787372589111328,0.0040395259857177734,0.5454545454545454,0.28571428571428575,0.5,0.2,1.0,1.0,1.0,1.0,subgenre-theme,novela sentimental,other,5
155,5,0.006051540374755859,0.004029989242553711,0.6363636363636364,0.6666666666666666,0.6666666666666666,0.6666666666666666,1.0,1.0,1.0,1.0,subgenre-theme,novela sentimental,other,5
156,6,0.005999326705932617,0.00413060188293457,0.7272727272727273,0.7692307692307692,0.7142857142857143,0.8333333333333334,1.0,1.0,1.0,1.0,subgenre-theme,novela sentimental,other,5
157,7,0.0058841705322265625,0.004056215286254883,0.7272727272727273,0.7272727272727272,0.8,0.6666666666666666,1.0,1.0,1.0,1.0,subgenre-theme,novela sentimental,other,5
158,8,0.00589752197265625,0.004096031188964844,0.5454545454545454,0.4444444444444444,0.6666666666666666,0.3333333333333333,1.0,1.0,1.0,1.0,subgenre-theme,novela sentimental,other,5
159,9,0.0059473514556884766,0.0040628910064697266,0.6363636363636364,0.7142857142857143,0.625,0.8333333333333334,1.0,1.0,1.0,1.0,subgenre-theme,novela sentimental,other,5
160,0,0.006036281585693359,0.004156589508056641,0.7272727272727273,0.7272727272727272,0.6666666666666666,0.8,1.0,1.0,1.0,1.0,subgenre-theme,novela sentimental,other,6
161,1,0.005906343460083008,0.0040318965911865234,0.8181818181818182,0.7499999999999999,1.0,0.6,1.0,1.0,1.0,1.0,subgenre-theme,novela sentimental,other,6
162,2,0.005993366241455078,0.004081249237060547,0.6363636363636364,0.5,0.6666666666666666,0.4,1.0,1.0,1.0,1.0,subgenre-theme,novela sentimental,other,6
163,3,0.005962848663330078,0.00399470329284668,0.7272727272727273,0.6666666666666665,0.75,0.6,1.0,1.0,1.0,1.0,subgenre-theme,novela sentimental,other,6
164,4,0.005781650543212891,0.004362344741821289,0.5454545454545454,0.5454545454545454,0.5,0.6,1.0,1.0,1.0,1.0,subgenre-theme,novela sentimental,other,6
165,5,0.005846500396728516,0.0041124820709228516,0.7272727272727273,0.7692307692307692,0.7142857142857143,0.8333333333333334,1.0,1.0,1.0,1.0,subgenre-theme,novela sentimental,other,6
166,6,0.005965471267700195,0.004044532775878906,0.8181818181818182,0.8333333333333334,0.8333333333333334,0.8333333333333334,1.0,1.0,1.0,1.0,subgenre-theme,novela sentimental,other,6
167,7,0.005936861038208008,0.00408625602722168,0.8181818181818182,0.8333333333333334,0.8333333333333334,0.8333333333333334,1.0,1.0,1.0,1.0,subgenre-theme,novela sentimental,other,6
168,8,0.005843162536621094,0.0040552616119384766,0.6363636363636364,0.6666666666666666,0.6666666666666666,0.6666666666666666,1.0,1.0,1.0,1.0,subgenre-theme,novela sentimental,other,6
169,9,0.0061571598052978516,0.004125356674194336,0.45454545454545453,0.5,0.5,0.5,1.0,1.0,1.0,1.0,subgenre-theme,novela sentimental,other,6
170,0,0.006209611892700195,0.004286527633666992,0.8181818181818182,0.8000000000000002,0.8,0.8,1.0,1.0,1.0,1.0,subgenre-theme,novela sentimental,other,7
171,1,0.006044626235961914,0.004269123077392578,0.45454545454545453,0.4000000000000001,0.4,0.4,1.0,1.0,1.0,1.0,subgenre-theme,novela sentimental,other,7
172,2,0.00582432746887207,0.004178285598754883,0.6363636363636364,0.5,0.6666666666666666,0.4,1.0,1.0,1.0,1.0,subgenre-theme,novela sentimental,other,7
173,3,0.005865573883056641,0.004099607467651367,0.6363636363636364,0.5,0.6666666666666666,0.4,1.0,1.0,1.0,1.0,subgenre-theme,novela sentimental,other,7
174,4,0.0058727264404296875,0.004018545150756836,0.7272727272727273,0.6666666666666665,0.75,0.6,1.0,1.0,1.0,1.0,subgenre-theme,novela sentimental,other,7
175,5,0.005705833435058594,0.004065036773681641,0.6363636363636364,0.6,0.75,0.5,1.0,1.0,1.0,1.0,subgenre-theme,novela sentimental,other,7
176,6,0.005974531173706055,0.004049062728881836,0.8181818181818182,0.8571428571428571,0.75,1.0,1.0,1.0,1.0,1.0,subgenre-theme,novela sentimental,other,7
177,7,0.00591731071472168,0.004134416580200195,0.9090909090909091,0.9090909090909091,1.0,0.8333333333333334,1.0,1.0,1.0,1.0,subgenre-theme,novela sentimental,other,7
178,8,0.00593256950378418,0.004053354263305664,0.9090909090909091,0.923076923076923,0.8571428571428571,1.0,1.0,1.0,1.0,1.0,subgenre-theme,novela sentimental,other,7
179,9,0.005878448486328125,0.004091739654541016,0.8181818181818182,0.8,1.0,0.6666666666666666,1.0,1.0,1.0,1.0,subgenre-theme,novela sentimental,other,7
180,0,0.0060613155364990234,0.004574775695800781,0.6363636363636364,0.6,0.6,0.6,1.0,1.0,1.0,1.0,subgenre-theme,novela sentimental,other,8
181,1,0.006009578704833984,0.004069328308105469,0.5454545454545454,0.4444444444444445,0.5,0.4,1.0,1.0,1.0,1.0,subgenre-theme,novela sentimental,other,8
182,2,0.0060443878173828125,0.004355192184448242,0.5454545454545454,0.4444444444444445,0.5,0.4,1.0,1.0,1.0,1.0,subgenre-theme,novela sentimental,other,8
183,3,0.00583648681640625,0.0040509700775146484,0.5454545454545454,0.6153846153846154,0.5,0.8,1.0,1.0,1.0,1.0,subgenre-theme,novela sentimental,other,8
184,4,0.005800724029541016,0.003980159759521484,0.5454545454545454,0.28571428571428575,0.5,0.2,1.0,1.0,1.0,1.0,subgenre-theme,novela sentimental,other,8
185,5,0.005960226058959961,0.004105091094970703,0.7272727272727273,0.7692307692307692,0.7142857142857143,0.8333333333333334,1.0,1.0,1.0,1.0,subgenre-theme,novela sentimental,other,8
186,6,0.0060498714447021484,0.004074811935424805,0.6363636363636364,0.6666666666666666,0.6666666666666666,0.6666666666666666,1.0,1.0,1.0,1.0,subgenre-theme,novela sentimental,other,8
187,7,0.006071567535400391,0.0043392181396484375,0.8181818181818182,0.8333333333333334,0.8333333333333334,0.8333333333333334,1.0,1.0,1.0,1.0,subgenre-theme,novela sentimental,other,8
188,8,0.005907297134399414,0.003988027572631836,0.45454545454545453,0.4,0.5,0.3333333333333333,1.0,1.0,1.0,1.0,subgenre-theme,novela sentimental,other,8
189,9,0.006058931350708008,0.004397869110107422,0.5454545454545454,0.6153846153846153,0.5714285714285714,0.6666666666666666,1.0,1.0,1.0,1.0,subgenre-theme,novela sentimental,other,8
190,0,0.005676746368408203,0.004068851470947266,0.45454545454545453,0.5,0.42857142857142855,0.6,1.0,1.0,1.0,1.0,subgenre-theme,novela sentimental,other,9
191,1,0.0057942867279052734,0.0040552616119384766,0.45454545454545453,0.5,0.42857142857142855,0.6,1.0,1.0,1.0,1.0,subgenre-theme,novela sentimental,other,9
192,2,0.006472349166870117,0.0051496028900146484,0.5454545454545454,0.4444444444444445,0.5,0.4,1.0,1.0,1.0,1.0,subgenre-theme,novela sentimental,other,9
193,3,0.006120920181274414,0.0041539669036865234,0.6363636363636364,0.6,0.6,0.6,1.0,1.0,1.0,1.0,subgenre-theme,novela sentimental,other,9
194,4,0.005578517913818359,0.004118442535400391,0.5454545454545454,0.28571428571428575,0.5,0.2,1.0,1.0,1.0,1.0,subgenre-theme,novela sentimental,other,9
195,5,0.006031513214111328,0.0041506290435791016,0.6363636363636364,0.6,0.75,0.5,1.0,1.0,1.0,1.0,subgenre-theme,novela sentimental,other,9
196,6,0.006036996841430664,0.004178762435913086,0.8181818181818182,0.8,1.0,0.6666666666666666,1.0,1.0,1.0,1.0,subgenre-theme,novela sentimental,other,9
197,7,0.0059032440185546875,0.004166841506958008,0.8181818181818182,0.8333333333333334,0.8333333333333334,0.8333333333333334,1.0,1.0,1.0,1.0,subgenre-theme,novela sentimental,other,9
198,8,0.005941867828369141,0.00443267822265625,0.5454545454545454,0.5454545454545454,0.6,0.5,1.0,1.0,1.0,1.0,subgenre-theme,novela sentimental,other,9
199,9,0.006066799163818359,0.004218578338623047,0.8181818181818182,0.8,1.0,0.6666666666666666,1.0,1.0,1.0,1.0,subgenre-theme,novela sentimental,other,9
200,0,0.0051593780517578125,0.004107236862182617,0.5,0.5454545454545454,0.5,0.6,1.0,1.0,1.0,1.0,subgenre-theme,novela de costumbres,other,0
201,1,0.0050737857818603516,0.004680156707763672,0.7,0.7272727272727272,0.6666666666666666,0.8,1.0,1.0,1.0,1.0,subgenre-theme,novela de costumbres,other,0
202,2,0.0050885677337646484,0.004029273986816406,0.6,0.6,0.6,0.6,1.0,1.0,1.0,1.0,subgenre-theme,novela de costumbres,other,0
203,3,0.005133390426635742,0.003980398178100586,0.7,0.7692307692307693,0.625,1.0,1.0,1.0,1.0,1.0,subgenre-theme,novela de costumbres,other,0
204,4,0.0053462982177734375,0.004212617874145508,0.6,0.6,0.6,0.6,1.0,1.0,1.0,1.0,subgenre-theme,novela de costumbres,other,0
205,5,0.005096912384033203,0.0039746761322021484,0.5,0.5454545454545454,0.5,0.6,1.0,1.0,1.0,1.0,subgenre-theme,novela de costumbres,other,0
206,6,0.005184173583984375,0.004060506820678711,0.9,0.888888888888889,1.0,0.8,1.0,1.0,1.0,1.0,subgenre-theme,novela de costumbres,other,0
207,7,0.0059642791748046875,0.004381895065307617,0.4,0.4000000000000001,0.4,0.4,1.0,1.0,1.0,1.0,subgenre-theme,novela de costumbres,other,0
208,8,0.00518345832824707,0.003991127014160156,0.8,0.8000000000000002,0.8,0.8,1.0,1.0,1.0,1.0,subgenre-theme,novela de costumbres,other,0
209,9,0.00496220588684082,0.003931283950805664,0.4,0.25,0.3333333333333333,0.2,1.0,1.0,1.0,1.0,subgenre-theme,novela de costumbres,other,0
210,0,0.005369663238525391,0.006246328353881836,0.7,0.6666666666666665,0.75,0.6,1.0,1.0,1.0,1.0,subgenre-theme,novela de costumbres,other,1
211,1,0.005164623260498047,0.004042387008666992,0.6,0.6,0.6,0.6,1.0,1.0,1.0,1.0,subgenre-theme,novela de costumbres,other,1
212,2,0.0051233768463134766,0.0040204524993896484,0.5,0.5454545454545454,0.5,0.6,1.0,1.0,1.0,1.0,subgenre-theme,novela de costumbres,other,1
213,3,0.005330085754394531,0.0042078495025634766,0.6,0.6666666666666666,0.5714285714285714,0.8,1.0,1.0,1.0,1.0,subgenre-theme,novela de costumbres,other,1
214,4,0.005029916763305664,0.0039865970611572266,0.4,0.4000000000000001,0.4,0.4,1.0,1.0,1.0,1.0,subgenre-theme,novela de costumbres,other,1
215,5,0.005015134811401367,0.00400996208190918,0.5,0.5454545454545454,0.5,0.6,1.0,1.0,1.0,1.0,subgenre-theme,novela de costumbres,other,1
216,6,0.005208253860473633,0.004044294357299805,0.7,0.7692307692307693,0.625,1.0,1.0,1.0,1.0,1.0,subgenre-theme,novela de costumbres,other,1
217,7,0.005098581314086914,0.003970146179199219,0.6,0.5,0.6666666666666666,0.4,1.0,1.0,1.0,1.0,subgenre-theme,novela de costumbres,other,1
218,8,0.005136013031005859,0.003964424133300781,0.5,0.5454545454545454,0.5,0.6,1.0,1.0,1.0,1.0,subgenre-theme,novela de costumbres,other,1
219,9,0.00510859489440918,0.00397944450378418,0.6,0.5,0.6666666666666666,0.4,1.0,1.0,1.0,1.0,subgenre-theme,novela de costumbres,other,1
220,0,0.005110502243041992,0.004072427749633789,0.5,0.4444444444444445,0.5,0.4,1.0,1.0,1.0,1.0,subgenre-theme,novela de costumbres,other,2
221,1,0.005103588104248047,0.00403594970703125,0.8,0.8333333333333333,0.7142857142857143,1.0,1.0,1.0,1.0,1.0,subgenre-theme,novela de costumbres,other,2
222,2,0.0050008296966552734,0.0040035247802734375,0.7,0.5714285714285715,1.0,0.4,1.0,1.0,1.0,1.0,subgenre-theme,novela de costumbres,other,2
223,3,0.0052165985107421875,0.004003286361694336,0.9,0.9090909090909091,0.8333333333333334,1.0,1.0,1.0,1.0,1.0,subgenre-theme,novela de costumbres,other,2
224,4,0.005092144012451172,0.004021167755126953,0.5,0.5454545454545454,0.5,0.6,1.0,1.0,1.0,1.0,subgenre-theme,novela de costumbres,other,2
225,5,0.005045890808105469,0.003988742828369141,0.6,0.6,0.6,0.6,1.0,1.0,1.0,1.0,subgenre-theme,novela de costumbres,other,2
226,6,0.005275726318359375,0.004039287567138672,0.6,0.6666666666666666,0.5714285714285714,0.8,1.0,1.0,1.0,1.0,subgenre-theme,novela de costumbres,other,2
227,7,0.005173206329345703,0.004017353057861328,0.7,0.6666666666666665,0.75,0.6,1.0,1.0,1.0,1.0,subgenre-theme,novela de costumbres,other,2
228,8,0.005145549774169922,0.003987312316894531,0.6,0.6,0.6,0.6,1.0,1.0,1.0,1.0,subgenre-theme,novela de costumbres,other,2
229,9,0.005220890045166016,0.003981828689575195,0.7,0.5714285714285715,1.0,0.4,1.0,1.0,1.0,1.0,subgenre-theme,novela de costumbres,other,2
230,0,0.005098819732666016,0.004110574722290039,0.6,0.6666666666666666,0.5714285714285714,0.8,1.0,1.0,1.0,1.0,subgenre-theme,novela de costumbres,other,3
231,1,0.00516819953918457,0.004126310348510742,0.7,0.6666666666666665,0.75,0.6,1.0,1.0,1.0,1.0,subgenre-theme,novela de costumbres,other,3
232,2,0.005029439926147461,0.004038333892822266,0.6,0.5,0.6666666666666666,0.4,1.0,1.0,1.0,1.0,subgenre-theme,novela de costumbres,other,3
233,3,0.005194425582885742,0.004302978515625,0.9,0.9090909090909091,0.8333333333333334,1.0,1.0,1.0,1.0,1.0,subgenre-theme,novela de costumbres,other,3
234,4,0.005136251449584961,0.004011392593383789,0.5,0.6153846153846154,0.5,0.8,1.0,1.0,1.0,1.0,subgenre-theme,novela de costumbres,other,3
235,5,0.005164146423339844,0.004053831100463867,0.6,0.6,0.6,0.6,1.0,1.0,1.0,1.0,subgenre-theme,novela de costumbres,other,3
236,6,0.005068778991699219,0.005291938781738281,0.7,0.7272727272727272,0.6666666666666666,0.8,1.0,1.0,1.0,1.0,subgenre-theme,novela de costumbres,other,3
237,7,0.005280017852783203,0.004209995269775391,0.6,0.5,0.6666666666666666,0.4,1.0,1.0,1.0,1.0,subgenre-theme,novela de costumbres,other,3
238,8,0.005324840545654297,0.0041658878326416016,0.7,0.7272727272727272,0.6666666666666666,0.8,1.0,1.0,1.0,1.0,subgenre-theme,novela de costumbres,other,3
239,9,0.005331993103027344,0.004389047622680664,0.6,0.33333333333333337,1.0,0.2,1.0,1.0,1.0,1.0,subgenre-theme,novela de costumbres,other,3
240,0,0.005052804946899414,0.0041196346282958984,0.7,0.5714285714285715,1.0,0.4,1.0,1.0,1.0,1.0,subgenre-theme,novela de costumbres,other,4
241,1,0.0050525665283203125,0.003985166549682617,0.6,0.6,0.6,0.6,1.0,1.0,1.0,1.0,subgenre-theme,novela de costumbres,other,4
242,2,0.004882335662841797,0.004096269607543945,0.4,0.4000000000000001,0.4,0.4,1.0,1.0,1.0,1.0,subgenre-theme,novela de costumbres,other,4
243,3,0.005099773406982422,0.003972768783569336,1.0,1.0,1.0,1.0,1.0,1.0,1.0,1.0,subgenre-theme,novela de costumbres,other,4
244,4,0.005053997039794922,0.0040967464447021484,0.4,0.4000000000000001,0.4,0.4,1.0,1.0,1.0,1.0,subgenre-theme,novela de costumbres,other,4
245,5,0.005059719085693359,0.0041124820709228516,0.7,0.6666666666666665,0.75,0.6,1.0,1.0,1.0,1.0,subgenre-theme,novela de costumbres,other,4
246,6,0.0050923824310302734,0.004004001617431641,0.8,0.8333333333333333,0.7142857142857143,1.0,1.0,1.0,1.0,1.0,subgenre-theme,novela de costumbres,other,4
247,7,0.005124330520629883,0.004133701324462891,0.3,0.3636363636363636,0.3333333333333333,0.4,1.0,1.0,1.0,1.0,subgenre-theme,novela de costumbres,other,4
248,8,0.005261659622192383,0.0044040679931640625,0.6,0.6666666666666666,0.5714285714285714,0.8,1.0,1.0,1.0,1.0,subgenre-theme,novela de costumbres,other,4
249,9,0.0049817562103271484,0.003953456878662109,0.3,0.22222222222222224,0.25,0.2,1.0,1.0,1.0,1.0,subgenre-theme,novela de costumbres,other,4
250,0,0.0050506591796875,0.004118442535400391,0.5,0.4444444444444445,0.5,0.4,1.0,1.0,1.0,1.0,subgenre-theme,novela de costumbres,other,5
251,1,0.005100727081298828,0.0040264129638671875,0.6,0.6666666666666666,0.5714285714285714,0.8,1.0,1.0,1.0,1.0,subgenre-theme,novela de costumbres,other,5
252,2,0.0049991607666015625,0.003981351852416992,0.5,0.4444444444444445,0.5,0.4,1.0,1.0,1.0,1.0,subgenre-theme,novela de costumbres,other,5
253,3,0.005087614059448242,0.003948688507080078,0.9,0.9090909090909091,0.8333333333333334,1.0,1.0,1.0,1.0,1.0,subgenre-theme,novela de costumbres,other,5
254,4,0.004983425140380859,0.00394749641418457,0.6,0.6,0.6,0.6,1.0,1.0,1.0,1.0,subgenre-theme,novela de costumbres,other,5
255,5,0.005069732666015625,0.0040132999420166016,0.7,0.6666666666666665,0.75,0.6,1.0,1.0,1.0,1.0,subgenre-theme,novela de costumbres,other,5
256,6,0.005088090896606445,0.004010438919067383,0.6,0.6666666666666666,0.5714285714285714,0.8,1.0,1.0,1.0,1.0,subgenre-theme,novela de costumbres,other,5
257,7,0.004958152770996094,0.003977537155151367,0.5,0.4444444444444445,0.5,0.4,1.0,1.0,1.0,1.0,subgenre-theme,novela de costumbres,other,5
258,8,0.005074024200439453,0.004992961883544922,0.8,0.8000000000000002,0.8,0.8,1.0,1.0,1.0,1.0,subgenre-theme,novela de costumbres,other,5
259,9,0.0052509307861328125,0.004025697708129883,0.6,0.6,0.6,0.6,1.0,1.0,1.0,1.0,subgenre-theme,novela de costumbres,other,5
260,0,0.004824161529541016,0.004101991653442383,0.5,0.5454545454545454,0.5,0.6,1.0,1.0,1.0,1.0,subgenre-theme,novela de costumbres,other,6
261,1,0.004922628402709961,0.003983020782470703,0.5,0.5454545454545454,0.5,0.6,1.0,1.0,1.0,1.0,subgenre-theme,novela de costumbres,other,6
262,2,0.004928112030029297,0.004235744476318359,0.5,0.4444444444444445,0.5,0.4,1.0,1.0,1.0,1.0,subgenre-theme,novela de costumbres,other,6
263,3,0.005033254623413086,0.004091739654541016,0.8,0.8333333333333333,0.7142857142857143,1.0,1.0,1.0,1.0,1.0,subgenre-theme,novela de costumbres,other,6
264,4,0.004948139190673828,0.003972530364990234,0.8,0.8000000000000002,0.8,0.8,1.0,1.0,1.0,1.0,subgenre-theme,novela de costumbres,other,6
265,5,0.0049610137939453125,0.004193305969238281,0.8,0.7499999999999999,1.0,0.6,1.0,1.0,1.0,1.0,subgenre-theme,novela de costumbres,other,6
266,6,0.00515294075012207,0.004047870635986328,0.9,0.9090909090909091,0.8333333333333334,1.0,1.0,1.0,1.0,1.0,subgenre-theme,novela de costumbres,other,6
267,7,0.004917144775390625,0.004123687744140625,0.5,0.5454545454545454,0.5,0.6,1.0,1.0,1.0,1.0,subgenre-theme,novela de costumbres,other,6
268,8,0.005121469497680664,0.0041675567626953125,0.7,0.7272727272727272,0.6666666666666666,0.8,1.0,1.0,1.0,1.0,subgenre-theme,novela de costumbres,other,6
269,9,0.005484580993652344,0.004244089126586914,0.7,0.6666666666666665,0.75,0.6,1.0,1.0,1.0,1.0,subgenre-theme,novela de costumbres,other,6
270,0,0.005065441131591797,0.004060029983520508,0.5,0.4444444444444445,0.5,0.4,1.0,1.0,1.0,1.0,subgenre-theme,novela de costumbres,other,7
271,1,0.004930973052978516,0.004131793975830078,0.8,0.8333333333333333,0.7142857142857143,1.0,1.0,1.0,1.0,1.0,subgenre-theme,novela de costumbres,other,7
272,2,0.004994392395019531,0.0040035247802734375,0.3,0.3636363636363636,0.3333333333333333,0.4,1.0,1.0,1.0,1.0,subgenre-theme,novela de costumbres,other,7
273,3,0.0049686431884765625,0.0039708614349365234,0.6,0.6,0.6,0.6,1.0,1.0,1.0,1.0,subgenre-theme,novela de costumbres,other,7
274,4,0.004969120025634766,0.003945112228393555,0.6,0.6,0.6,0.6,1.0,1.0,1.0,1.0,subgenre-theme,novela de costumbres,other,7
275,5,0.005001544952392578,0.003957271575927734,0.7,0.7272727272727272,0.6666666666666666,0.8,1.0,1.0,1.0,1.0,subgenre-theme,novela de costumbres,other,7
276,6,0.00500178337097168,0.003988742828369141,0.7,0.6666666666666665,0.75,0.6,1.0,1.0,1.0,1.0,subgenre-theme,novela de costumbres,other,7
277,7,0.004862308502197266,0.003993034362792969,0.6,0.5,0.6666666666666666,0.4,1.0,1.0,1.0,1.0,subgenre-theme,novela de costumbres,other,7
278,8,0.005014896392822266,0.004008293151855469,0.7,0.6666666666666665,0.75,0.6,1.0,1.0,1.0,1.0,subgenre-theme,novela de costumbres,other,7
279,9,0.004923582077026367,0.003925800323486328,0.7,0.6666666666666665,0.75,0.6,1.0,1.0,1.0,1.0,subgenre-theme,novela de costumbres,other,7
280,0,0.005080699920654297,0.004121303558349609,0.5,0.4444444444444445,0.5,0.4,1.0,1.0,1.0,1.0,subgenre-theme,novela de costumbres,other,8
281,1,0.004996776580810547,0.0040247440338134766,0.7,0.7272727272727272,0.6666666666666666,0.8,1.0,1.0,1.0,1.0,subgenre-theme,novela de costumbres,other,8
282,2,0.004957675933837891,0.0039708614349365234,0.6,0.5,0.6666666666666666,0.4,1.0,1.0,1.0,1.0,subgenre-theme,novela de costumbres,other,8
283,3,0.005042314529418945,0.003957271575927734,0.8,0.8000000000000002,0.8,0.8,1.0,1.0,1.0,1.0,subgenre-theme,novela de costumbres,other,8
284,4,0.005045413970947266,0.003978252410888672,0.5,0.5454545454545454,0.5,0.6,1.0,1.0,1.0,1.0,subgenre-theme,novela de costumbres,other,8
285,5,0.004997730255126953,0.004297733306884766,0.6,0.6,0.6,0.6,1.0,1.0,1.0,1.0,subgenre-theme,novela de costumbres,other,8
286,6,0.0050585269927978516,0.003976106643676758,0.8,0.8333333333333333,0.7142857142857143,1.0,1.0,1.0,1.0,1.0,subgenre-theme,novela de costumbres,other,8
287,7,0.005046844482421875,0.003983736038208008,0.6,0.6,0.6,0.6,1.0,1.0,1.0,1.0,subgenre-theme,novela de costumbres,other,8
288,8,0.0050318241119384766,0.003991365432739258,0.7,0.6666666666666665,0.75,0.6,1.0,1.0,1.0,1.0,subgenre-theme,novela de costumbres,other,8
289,9,0.005014181137084961,0.0039675235748291016,0.5,0.5454545454545454,0.5,0.6,1.0,1.0,1.0,1.0,subgenre-theme,novela de costumbres,other,8
290,0,0.0050754547119140625,0.004032135009765625,0.5,0.4444444444444445,0.5,0.4,1.0,1.0,1.0,1.0,subgenre-theme,novela de costumbres,other,9
291,1,0.00517725944519043,0.0040285587310791016,0.6,0.6666666666666666,0.5714285714285714,0.8,1.0,1.0,1.0,1.0,subgenre-theme,novela de costumbres,other,9
292,2,0.005089521408081055,0.003999233245849609,0.5,0.4444444444444445,0.5,0.4,1.0,1.0,1.0,1.0,subgenre-theme,novela de costumbres,other,9
293,3,0.005193233489990234,0.004237174987792969,0.9,0.888888888888889,1.0,0.8,1.0,1.0,1.0,1.0,subgenre-theme,novela de costumbres,other,9
294,4,0.005188703536987305,0.004101276397705078,0.3,0.3636363636363636,0.3333333333333333,0.4,1.0,1.0,1.0,1.0,subgenre-theme,novela de costumbres,other,9
295,5,0.005237579345703125,0.0040073394775390625,0.6,0.6,0.6,0.6,1.0,1.0,1.0,1.0,subgenre-theme,novela de costumbres,other,9
296,6,0.005281925201416016,0.004034519195556641,0.6,0.6,0.6,0.6,1.0,1.0,1.0,1.0,subgenre-theme,novela de costumbres,other,9
297,7,0.0052928924560546875,0.004251241683959961,0.8,0.7499999999999999,1.0,0.6,1.0,1.0,1.0,1.0,subgenre-theme,novela de costumbres,other,9
298,8,0.005217075347900391,0.004034996032714844,0.5,0.4444444444444445,0.5,0.4,1.0,1.0,1.0,1.0,subgenre-theme,novela de costumbres,other,9
299,9,0.005270481109619141,0.004012346267700195,0.2,0.20000000000000004,0.2,0.2,1.0,1.0,1.0,1.0,subgenre-theme,novela de costumbres,other,9
300,0,0.005617380142211914,0.00421142578125,0.8181818181818182,0.7499999999999999,1.0,0.6,1.0,1.0,1.0,1.0,subgenre-theme,novela histórica,novela sentimental,0
301,1,0.0053632259368896484,0.004237174987792969,0.6363636363636364,0.6666666666666666,0.5714285714285714,0.8,1.0,1.0,1.0,1.0,subgenre-theme,novela histórica,novela sentimental,0
302,2,0.005614519119262695,0.004049062728881836,0.5454545454545454,0.28571428571428575,0.5,0.2,1.0,1.0,1.0,1.0,subgenre-theme,novela histórica,novela sentimental,0
303,3,0.005450725555419922,0.003988742828369141,0.7272727272727273,0.7692307692307693,0.625,1.0,1.0,1.0,1.0,1.0,subgenre-theme,novela histórica,novela sentimental,0
304,4,0.00555109977722168,0.004064798355102539,0.8181818181818182,0.8000000000000002,0.8,0.8,1.0,1.0,1.0,1.0,subgenre-theme,novela histórica,novela sentimental,0
305,5,0.005652666091918945,0.004103660583496094,0.7272727272727273,0.6666666666666666,1.0,0.5,1.0,1.0,1.0,1.0,subgenre-theme,novela histórica,novela sentimental,0
306,6,0.0054471492767333984,0.0040247440338134766,0.7272727272727273,0.7272727272727272,0.8,0.6666666666666666,1.0,1.0,1.0,1.0,subgenre-theme,novela histórica,novela sentimental,0
307,7,0.0056247711181640625,0.004408121109008789,1.0,1.0,1.0,1.0,1.0,1.0,1.0,1.0,subgenre-theme,novela histórica,novela sentimental,0
308,8,0.0056667327880859375,0.004318952560424805,0.6363636363636364,0.7142857142857143,0.625,0.8333333333333334,1.0,1.0,1.0,1.0,subgenre-theme,novela histórica,novela sentimental,0
309,9,0.005551338195800781,0.004023075103759766,0.8181818181818182,0.8571428571428571,0.75,1.0,1.0,1.0,1.0,1.0,subgenre-theme,novela histórica,novela sentimental,0
310,0,0.005625486373901367,0.0040700435638427734,0.8181818181818182,0.7499999999999999,1.0,0.6,1.0,1.0,1.0,1.0,subgenre-theme,novela histórica,novela sentimental,1
311,1,0.005457401275634766,0.004052400588989258,0.6363636363636364,0.6666666666666666,0.5714285714285714,0.8,1.0,1.0,1.0,1.0,subgenre-theme,novela histórica,novela sentimental,1
312,2,0.005594730377197266,0.004149913787841797,0.7272727272727273,0.7272727272727272,0.6666666666666666,0.8,1.0,1.0,1.0,1.0,subgenre-theme,novela histórica,novela sentimental,1
313,3,0.005635261535644531,0.004022359848022461,0.5454545454545454,0.6153846153846154,0.5,0.8,1.0,1.0,1.0,1.0,subgenre-theme,novela histórica,novela sentimental,1
314,4,0.00557708740234375,0.004313230514526367,0.7272727272727273,0.7272727272727272,0.6666666666666666,0.8,1.0,1.0,1.0,1.0,subgenre-theme,novela histórica,novela sentimental,1
315,5,0.005661487579345703,0.004042863845825195,0.6363636363636364,0.6,0.75,0.5,1.0,1.0,1.0,1.0,subgenre-theme,novela histórica,novela sentimental,1
316,6,0.005464315414428711,0.0039708614349365234,0.6363636363636364,0.6,0.75,0.5,1.0,1.0,1.0,1.0,subgenre-theme,novela histórica,novela sentimental,1
317,7,0.0056841373443603516,0.004008769989013672,0.9090909090909091,0.923076923076923,0.8571428571428571,1.0,1.0,1.0,1.0,1.0,subgenre-theme,novela histórica,novela sentimental,1
318,8,0.0056498050689697266,0.00404667854309082,0.6363636363636364,0.7142857142857143,0.625,0.8333333333333334,1.0,1.0,1.0,1.0,subgenre-theme,novela histórica,novela sentimental,1
319,9,0.0057375431060791016,0.004031181335449219,0.7272727272727273,0.7692307692307692,0.7142857142857143,0.8333333333333334,1.0,1.0,1.0,1.0,subgenre-theme,novela histórica,novela sentimental,1
320,0,0.005723476409912109,0.004168987274169922,0.8181818181818182,0.7499999999999999,1.0,0.6,1.0,1.0,1.0,1.0,subgenre-theme,novela histórica,novela sentimental,2
321,1,0.0057828426361083984,0.004119873046875,0.6363636363636364,0.6666666666666666,0.5714285714285714,0.8,1.0,1.0,1.0,1.0,subgenre-theme,novela histórica,novela sentimental,2
322,2,0.005724191665649414,0.00406956672668457,0.6363636363636364,0.6666666666666666,0.5714285714285714,0.8,1.0,1.0,1.0,1.0,subgenre-theme,novela histórica,novela sentimental,2
323,3,0.00568842887878418,0.004073381423950195,0.5454545454545454,0.6153846153846154,0.5,0.8,1.0,1.0,1.0,1.0,subgenre-theme,novela histórica,novela sentimental,2
324,4,0.005757570266723633,0.004021883010864258,0.9090909090909091,0.9090909090909091,0.8333333333333334,1.0,1.0,1.0,1.0,1.0,subgenre-theme,novela histórica,novela sentimental,2
325,5,0.005623579025268555,0.0040051937103271484,0.7272727272727273,0.6666666666666666,1.0,0.5,1.0,1.0,1.0,1.0,subgenre-theme,novela histórica,novela sentimental,2
326,6,0.00545501708984375,0.004058122634887695,0.7272727272727273,0.7272727272727272,0.8,0.6666666666666666,1.0,1.0,1.0,1.0,subgenre-theme,novela histórica,novela sentimental,2
327,7,0.005700111389160156,0.0040340423583984375,0.9090909090909091,0.923076923076923,0.8571428571428571,1.0,1.0,1.0,1.0,1.0,subgenre-theme,novela histórica,novela sentimental,2
328,8,0.005574703216552734,0.00399470329284668,0.7272727272727273,0.7692307692307692,0.7142857142857143,0.8333333333333334,1.0,1.0,1.0,1.0,subgenre-theme,novela histórica,novela sentimental,2
329,9,0.00564885139465332,0.004022121429443359,0.8181818181818182,0.8333333333333334,0.8333333333333334,0.8333333333333334,1.0,1.0,1.0,1.0,subgenre-theme,novela histórica,novela sentimental,2
330,0,0.005506277084350586,0.004125356674194336,0.8181818181818182,0.7499999999999999,1.0,0.6,1.0,1.0,1.0,1.0,subgenre-theme,novela histórica,novela sentimental,3
331,1,0.005665302276611328,0.003997325897216797,0.6363636363636364,0.6666666666666666,0.5714285714285714,0.8,1.0,1.0,1.0,1.0,subgenre-theme,novela histórica,novela sentimental,3
332,2,0.005518913269042969,0.0040283203125,0.6363636363636364,0.6666666666666666,0.5714285714285714,0.8,1.0,1.0,1.0,1.0,subgenre-theme,novela histórica,novela sentimental,3
333,3,0.005571842193603516,0.004060029983520508,0.5454545454545454,0.6153846153846154,0.5,0.8,1.0,1.0,1.0,1.0,subgenre-theme,novela histórica,novela sentimental,3
334,4,0.005663633346557617,0.003960609436035156,0.9090909090909091,0.888888888888889,1.0,0.8,1.0,1.0,1.0,1.0,subgenre-theme,novela histórica,novela sentimental,3
335,5,0.005574941635131836,0.004019260406494141,0.6363636363636364,0.6,0.75,0.5,1.0,1.0,1.0,1.0,subgenre-theme,novela histórica,novela sentimental,3
336,6,0.005409955978393555,0.004027128219604492,0.7272727272727273,0.7272727272727272,0.8,0.6666666666666666,1.0,1.0,1.0,1.0,subgenre-theme,novela histórica,novela sentimental,3
337,7,0.005685567855834961,0.003989458084106445,1.0,1.0,1.0,1.0,1.0,1.0,1.0,1.0,subgenre-theme,novela histórica,novela sentimental,3
338,8,0.00559234619140625,0.004334449768066406,0.7272727272727273,0.8,0.6666666666666666,1.0,1.0,1.0,1.0,1.0,subgenre-theme,novela histórica,novela sentimental,3
339,9,0.005652904510498047,0.004056215286254883,0.9090909090909091,0.9090909090909091,1.0,0.8333333333333334,1.0,1.0,1.0,1.0,subgenre-theme,novela histórica,novela sentimental,3
340,0,0.005648136138916016,0.004123210906982422,0.8181818181818182,0.7499999999999999,1.0,0.6,1.0,1.0,1.0,1.0,subgenre-theme,novela histórica,novela sentimental,4
341,1,0.0054934024810791016,0.004077911376953125,0.5454545454545454,0.6153846153846154,0.5,0.8,1.0,1.0,1.0,1.0,subgenre-theme,novela histórica,novela sentimental,4
342,2,0.00552058219909668,0.004000186920166016,0.6363636363636364,0.5,0.6666666666666666,0.4,1.0,1.0,1.0,1.0,subgenre-theme,novela histórica,novela sentimental,4
343,3,0.005615949630737305,0.004037618637084961,0.6363636363636364,0.6666666666666666,0.5714285714285714,0.8,1.0,1.0,1.0,1.0,subgenre-theme,novela histórica,novela sentimental,4
344,4,0.0056476593017578125,0.00412440299987793,0.7272727272727273,0.7272727272727272,0.6666666666666666,0.8,1.0,1.0,1.0,1.0,subgenre-theme,novela histórica,novela sentimental,4
345,5,0.005619049072265625,0.004025936126708984,0.7272727272727273,0.6666666666666666,1.0,0.5,1.0,1.0,1.0,1.0,subgenre-theme,novela histórica,novela sentimental,4
346,6,0.005600452423095703,0.004029750823974609,0.7272727272727273,0.7272727272727272,0.8,0.6666666666666666,1.0,1.0,1.0,1.0,subgenre-theme,novela histórica,novela sentimental,4
347,7,0.005738973617553711,0.004072666168212891,1.0,1.0,1.0,1.0,1.0,1.0,1.0,1.0,subgenre-theme,novela histórica,novela sentimental,4
348,8,0.005788326263427734,0.004112720489501953,0.7272727272727273,0.8,0.6666666666666666,1.0,1.0,1.0,1.0,1.0,subgenre-theme,novela histórica,novela sentimental,4
349,9,0.005709409713745117,0.004027843475341797,0.8181818181818182,0.8333333333333334,0.8333333333333334,0.8333333333333334,1.0,1.0,1.0,1.0,subgenre-theme,novela histórica,novela sentimental,4
350,0,0.005561113357543945,0.004113912582397461,0.9090909090909091,0.888888888888889,1.0,0.8,1.0,1.0,1.0,1.0,subgenre-theme,novela histórica,novela sentimental,5
351,1,0.005551815032958984,0.003998994827270508,0.5454545454545454,0.6153846153846154,0.5,0.8,1.0,1.0,1.0,1.0,subgenre-theme,novela histórica,novela sentimental,5
352,2,0.005374908447265625,0.004021406173706055,0.7272727272727273,0.7272727272727272,0.6666666666666666,0.8,1.0,1.0,1.0,1.0,subgenre-theme,novela histórica,novela sentimental,5
353,3,0.005558013916015625,0.0040836334228515625,0.6363636363636364,0.6666666666666666,0.5714285714285714,0.8,1.0,1.0,1.0,1.0,subgenre-theme,novela histórica,novela sentimental,5
354,4,0.005463361740112305,0.0039751529693603516,0.9090909090909091,0.9090909090909091,0.8333333333333334,1.0,1.0,1.0,1.0,1.0,subgenre-theme,novela histórica,novela sentimental,5
355,5,0.00555729866027832,0.0039980411529541016,0.6363636363636364,0.6,0.75,0.5,1.0,1.0,1.0,1.0,subgenre-theme,novela histórica,novela sentimental,5
356,6,0.0054166316986083984,0.0039975643157958984,0.9090909090909091,0.923076923076923,0.8571428571428571,1.0,1.0,1.0,1.0,1.0,subgenre-theme,novela histórica,novela sentimental,5
357,7,0.00530552864074707,0.003989219665527344,0.9090909090909091,0.923076923076923,0.8571428571428571,1.0,1.0,1.0,1.0,1.0,subgenre-theme,novela histórica,novela sentimental,5
358,8,0.0055713653564453125,0.003962516784667969,0.7272727272727273,0.8,0.6666666666666666,1.0,1.0,1.0,1.0,1.0,subgenre-theme,novela histórica,novela sentimental,5
359,9,0.005502462387084961,0.004366874694824219,0.9090909090909091,0.9090909090909091,1.0,0.8333333333333334,1.0,1.0,1.0,1.0,subgenre-theme,novela histórica,novela sentimental,5
360,0,0.0054967403411865234,0.004086017608642578,0.8181818181818182,0.7499999999999999,1.0,0.6,1.0,1.0,1.0,1.0,subgenre-theme,novela histórica,novela sentimental,6
361,1,0.0055103302001953125,0.003997087478637695,0.5454545454545454,0.6153846153846154,0.5,0.8,1.0,1.0,1.0,1.0,subgenre-theme,novela histórica,novela sentimental,6
362,2,0.0056650638580322266,0.0040130615234375,0.7272727272727273,0.7272727272727272,0.6666666666666666,0.8,1.0,1.0,1.0,1.0,subgenre-theme,novela histórica,novela sentimental,6
363,3,0.005681514739990234,0.004088163375854492,0.6363636363636364,0.6666666666666666,0.5714285714285714,0.8,1.0,1.0,1.0,1.0,subgenre-theme,novela histórica,novela sentimental,6
364,4,0.005682945251464844,0.0040264129638671875,0.8181818181818182,0.8333333333333333,0.7142857142857143,1.0,1.0,1.0,1.0,1.0,subgenre-theme,novela histórica,novela sentimental,6
365,5,0.005711793899536133,0.003994941711425781,0.7272727272727273,0.6666666666666666,1.0,0.5,1.0,1.0,1.0,1.0,subgenre-theme,novela histórica,novela sentimental,6
366,6,0.005461931228637695,0.00400996208190918,0.7272727272727273,0.7272727272727272,0.8,0.6666666666666666,1.0,1.0,1.0,1.0,subgenre-theme,novela histórica,novela sentimental,6
367,7,0.005941867828369141,0.00406646728515625,0.8181818181818182,0.8333333333333334,0.8333333333333334,0.8333333333333334,1.0,1.0,1.0,1.0,subgenre-theme,novela histórica,novela sentimental,6
368,8,0.005712032318115234,0.004070758819580078,0.6363636363636364,0.7142857142857143,0.625,0.8333333333333334,1.0,1.0,1.0,1.0,subgenre-theme,novela histórica,novela sentimental,6
369,9,0.00577998161315918,0.004077911376953125,0.7272727272727273,0.7692307692307692,0.7142857142857143,0.8333333333333334,1.0,1.0,1.0,1.0,subgenre-theme,novela histórica,novela sentimental,6
370,0,0.0055828094482421875,0.0041582584381103516,0.8181818181818182,0.7499999999999999,1.0,0.6,1.0,1.0,1.0,1.0,subgenre-theme,novela histórica,novela sentimental,7
371,1,0.005537271499633789,0.004151105880737305,0.6363636363636364,0.6666666666666666,0.5714285714285714,0.8,1.0,1.0,1.0,1.0,subgenre-theme,novela histórica,novela sentimental,7
372,2,0.0056610107421875,0.004008769989013672,0.6363636363636364,0.7142857142857143,0.5555555555555556,1.0,1.0,1.0,1.0,1.0,subgenre-theme,novela histórica,novela sentimental,7
373,3,0.005749225616455078,0.00400996208190918,0.45454545454545453,0.5,0.42857142857142855,0.6,1.0,1.0,1.0,1.0,subgenre-theme,novela histórica,novela sentimental,7
374,4,0.005539417266845703,0.004004478454589844,0.8181818181818182,0.8000000000000002,0.8,0.8,1.0,1.0,1.0,1.0,subgenre-theme,novela histórica,novela sentimental,7
375,5,0.005690336227416992,0.003992319107055664,0.6363636363636364,0.6,0.75,0.5,1.0,1.0,1.0,1.0,subgenre-theme,novela histórica,novela sentimental,7
376,6,0.005423307418823242,0.00392913818359375,0.7272727272727273,0.7272727272727272,0.8,0.6666666666666666,1.0,1.0,1.0,1.0,subgenre-theme,novela histórica,novela sentimental,7
377,7,0.005596160888671875,0.0040130615234375,0.9090909090909091,0.923076923076923,0.8571428571428571,1.0,1.0,1.0,1.0,1.0,subgenre-theme,novela histórica,novela sentimental,7
378,8,0.0059719085693359375,0.003966093063354492,0.6363636363636364,0.7142857142857143,0.625,0.8333333333333334,1.0,1.0,1.0,1.0,subgenre-theme,novela histórica,novela sentimental,7
379,9,0.0056765079498291016,0.00427556037902832,0.9090909090909091,0.923076923076923,0.8571428571428571,1.0,1.0,1.0,1.0,1.0,subgenre-theme,novela histórica,novela sentimental,7
380,0,0.005620241165161133,0.004137516021728516,0.8181818181818182,0.7499999999999999,1.0,0.6,1.0,1.0,1.0,1.0,subgenre-theme,novela histórica,novela sentimental,8
381,1,0.005650997161865234,0.0040454864501953125,0.5454545454545454,0.5454545454545454,0.5,0.6,1.0,1.0,1.0,1.0,subgenre-theme,novela histórica,novela sentimental,8
382,2,0.005491733551025391,0.0039904117584228516,0.8181818181818182,0.8333333333333333,0.7142857142857143,1.0,1.0,1.0,1.0,1.0,subgenre-theme,novela histórica,novela sentimental,8
383,3,0.005628824234008789,0.004036426544189453,0.5454545454545454,0.6153846153846154,0.5,0.8,1.0,1.0,1.0,1.0,subgenre-theme,novela histórica,novela sentimental,8
384,4,0.0055582523345947266,0.004002571105957031,0.9090909090909091,0.888888888888889,1.0,0.8,1.0,1.0,1.0,1.0,subgenre-theme,novela histórica,novela sentimental,8
385,5,0.005585670471191406,0.004029512405395508,0.6363636363636364,0.6,0.75,0.5,1.0,1.0,1.0,1.0,subgenre-theme,novela histórica,novela sentimental,8
386,6,0.005531787872314453,0.0039958953857421875,0.9090909090909091,0.923076923076923,0.8571428571428571,1.0,1.0,1.0,1.0,1.0,subgenre-theme,novela histórica,novela sentimental,8
387,7,0.0055103302001953125,0.004052639007568359,0.9090909090909091,0.923076923076923,0.8571428571428571,1.0,1.0,1.0,1.0,1.0,subgenre-theme,novela histórica,novela sentimental,8
388,8,0.005572795867919922,0.00406336784362793,0.7272727272727273,0.8,0.6666666666666666,1.0,1.0,1.0,1.0,1.0,subgenre-theme,novela histórica,novela sentimental,8
389,9,0.005560398101806641,0.004004478454589844,0.9090909090909091,0.9090909090909091,1.0,0.8333333333333334,1.0,1.0,1.0,1.0,subgenre-theme,novela histórica,novela sentimental,8
390,0,0.005571603775024414,0.004054546356201172,0.8181818181818182,0.7499999999999999,1.0,0.6,1.0,1.0,1.0,1.0,subgenre-theme,novela histórica,novela sentimental,9
391,1,0.00539708137512207,0.004056215286254883,0.5454545454545454,0.6153846153846154,0.5,0.8,1.0,1.0,1.0,1.0,subgenre-theme,novela histórica,novela sentimental,9
392,2,0.0056629180908203125,0.004154682159423828,0.8181818181818182,0.8333333333333333,0.7142857142857143,1.0,1.0,1.0,1.0,1.0,subgenre-theme,novela histórica,novela sentimental,9
393,3,0.00577235221862793,0.004172086715698242,0.45454545454545453,0.5,0.42857142857142855,0.6,1.0,1.0,1.0,1.0,subgenre-theme,novela histórica,novela sentimental,9
394,4,0.005838155746459961,0.0041882991790771484,0.7272727272727273,0.7272727272727272,0.6666666666666666,0.8,1.0,1.0,1.0,1.0,subgenre-theme,novela histórica,novela sentimental,9
395,5,0.005512237548828125,0.0040454864501953125,0.8181818181818182,0.8,1.0,0.6666666666666666,1.0,1.0,1.0,1.0,subgenre-theme,novela histórica,novela sentimental,9
396,6,0.005791902542114258,0.004317283630371094,0.6363636363636364,0.6,0.75,0.5,1.0,1.0,1.0,1.0,subgenre-theme,novela histórica,novela sentimental,9
397,7,0.0059163570404052734,0.004114627838134766,1.0,1.0,1.0,1.0,1.0,1.0,1.0,1.0,subgenre-theme,novela histórica,novela sentimental,9
398,8,0.0058727264404296875,0.004217624664306641,0.6363636363636364,0.7142857142857143,0.625,0.8333333333333334,1.0,1.0,1.0,1.0,subgenre-theme,novela histórica,novela sentimental,9
399,9,0.0057697296142578125,0.004571199417114258,0.9090909090909091,0.9090909090909091,1.0,0.8333333333333334,1.0,1.0,1.0,1.0,subgenre-theme,novela histórica,novela sentimental,9
400,0,0.004670381546020508,0.004034757614135742,0.7,0.6666666666666665,0.75,0.6,1.0,1.0,1.0,1.0,subgenre-theme,novela histórica,novela de costumbres,0
401,1,0.004784107208251953,0.003983736038208008,1.0,1.0,1.0,1.0,1.0,1.0,1.0,1.0,subgenre-theme,novela histórica,novela de costumbres,0
402,2,0.004963397979736328,0.003996849060058594,0.7,0.7692307692307693,0.625,1.0,1.0,1.0,1.0,1.0,subgenre-theme,novela histórica,novela de costumbres,0
403,3,0.0046727657318115234,0.0039424896240234375,0.9,0.888888888888889,1.0,0.8,1.0,1.0,1.0,1.0,subgenre-theme,novela histórica,novela de costumbres,0
404,4,0.004683256149291992,0.0039746761322021484,0.8,0.8000000000000002,0.8,0.8,1.0,1.0,1.0,1.0,subgenre-theme,novela histórica,novela de costumbres,0
405,5,0.004781007766723633,0.003945112228393555,0.7,0.6666666666666665,0.75,0.6,1.0,1.0,1.0,1.0,subgenre-theme,novela histórica,novela de costumbres,0
406,6,0.005043745040893555,0.00412750244140625,0.8,0.7499999999999999,1.0,0.6,1.0,1.0,1.0,1.0,subgenre-theme,novela histórica,novela de costumbres,0
407,7,0.004862308502197266,0.004030704498291016,0.6,0.6666666666666666,0.5714285714285714,0.8,1.0,1.0,1.0,1.0,subgenre-theme,novela histórica,novela de costumbres,0
408,8,0.0047893524169921875,0.004045963287353516,0.8,0.8000000000000002,0.8,0.8,1.0,1.0,1.0,1.0,subgenre-theme,novela histórica,novela de costumbres,0
409,9,0.0047245025634765625,0.0040051937103271484,0.6,0.6,0.6,0.6,1.0,1.0,1.0,1.0,subgenre-theme,novela histórica,novela de costumbres,0
410,0,0.004885196685791016,0.0040357112884521484,0.7,0.6666666666666665,0.75,0.6,1.0,1.0,1.0,1.0,subgenre-theme,novela histórica,novela de costumbres,1
411,1,0.004723310470581055,0.004309415817260742,0.9,0.888888888888889,1.0,0.8,1.0,1.0,1.0,1.0,subgenre-theme,novela histórica,novela de costumbres,1
412,2,0.004753589630126953,0.003996372222900391,0.6,0.6666666666666666,0.5714285714285714,0.8,1.0,1.0,1.0,1.0,subgenre-theme,novela histórica,novela de costumbres,1
413,3,0.0046918392181396484,0.004121541976928711,0.8,0.8333333333333333,0.7142857142857143,1.0,1.0,1.0,1.0,1.0,subgenre-theme,novela histórica,novela de costumbres,1
414,4,0.0047609806060791016,0.004040718078613281,0.7,0.7272727272727272,0.6666666666666666,0.8,1.0,1.0,1.0,1.0,subgenre-theme,novela histórica,novela de costumbres,1
415,5,0.004848480224609375,0.003976583480834961,0.8,0.8000000000000002,0.8,0.8,1.0,1.0,1.0,1.0,subgenre-theme,novela histórica,novela de costumbres,1
416,6,0.004924297332763672,0.004023551940917969,0.9,0.888888888888889,1.0,0.8,1.0,1.0,1.0,1.0,subgenre-theme,novela histórica,novela de costumbres,1
417,7,0.004735469818115234,0.003958940505981445,0.6,0.6666666666666666,0.5714285714285714,0.8,1.0,1.0,1.0,1.0,subgenre-theme,novela histórica,novela de costumbres,1
418,8,0.004723787307739258,0.003922462463378906,0.8,0.8000000000000002,0.8,0.8,1.0,1.0,1.0,1.0,subgenre-theme,novela histórica,novela de costumbres,1
419,9,0.0046863555908203125,0.003923654556274414,0.7,0.7272727272727272,0.6666666666666666,0.8,1.0,1.0,1.0,1.0,subgenre-theme,novela histórica,novela de costumbres,1
420,0,0.004783153533935547,0.003956794738769531,0.7,0.6666666666666665,0.75,0.6,1.0,1.0,1.0,1.0,subgenre-theme,novela histórica,novela de costumbres,2
421,1,0.00480961799621582,0.004019737243652344,1.0,1.0,1.0,1.0,1.0,1.0,1.0,1.0,subgenre-theme,novela histórica,novela de costumbres,2
422,2,0.004721164703369141,0.003915548324584961,0.6,0.6666666666666666,0.5714285714285714,0.8,1.0,1.0,1.0,1.0,subgenre-theme,novela histórica,novela de costumbres,2
423,3,0.005158662796020508,0.005665779113769531,0.9,0.9090909090909091,0.8333333333333334,1.0,1.0,1.0,1.0,1.0,subgenre-theme,novela histórica,novela de costumbres,2
424,4,0.004954338073730469,0.004467010498046875,0.7,0.6666666666666665,0.75,0.6,1.0,1.0,1.0,1.0,subgenre-theme,novela histórica,novela de costumbres,2
425,5,0.005564451217651367,0.004135847091674805,0.7,0.6666666666666665,0.75,0.6,1.0,1.0,1.0,1.0,subgenre-theme,novela histórica,novela de costumbres,2
426,6,0.00470423698425293,0.003901958465576172,0.9,0.888888888888889,1.0,0.8,1.0,1.0,1.0,1.0,subgenre-theme,novela histórica,novela de costumbres,2
427,7,0.004993438720703125,0.0041234493255615234,0.8,0.8333333333333333,0.7142857142857143,1.0,1.0,1.0,1.0,1.0,subgenre-theme,novela histórica,novela de costumbres,2
428,8,0.0048444271087646484,0.004999399185180664,0.8,0.8000000000000002,0.8,0.8,1.0,1.0,1.0,1.0,subgenre-theme,novela histórica,novela de costumbres,2
429,9,0.0047719478607177734,0.003926992416381836,0.6,0.6666666666666666,0.5714285714285714,0.8,1.0,1.0,1.0,1.0,subgenre-theme,novela histórica,novela de costumbres,2
430,0,0.004837751388549805,0.004550457000732422,0.8,0.8000000000000002,0.8,0.8,1.0,1.0,1.0,1.0,subgenre-theme,novela histórica,novela de costumbres,3
431,1,0.004948139190673828,0.00439143180847168,1.0,1.0,1.0,1.0,1.0,1.0,1.0,1.0,subgenre-theme,novela histórica,novela de costumbres,3
432,2,0.004779815673828125,0.003925800323486328,0.6,0.6666666666666666,0.5714285714285714,0.8,1.0,1.0,1.0,1.0,subgenre-theme,novela histórica,novela de costumbres,3
433,3,0.0048542022705078125,0.003935813903808594,0.8,0.8000000000000002,0.8,0.8,1.0,1.0,1.0,1.0,subgenre-theme,novela histórica,novela de costumbres,3
434,4,0.004797697067260742,0.003938436508178711,0.7,0.7272727272727272,0.6666666666666666,0.8,1.0,1.0,1.0,1.0,subgenre-theme,novela histórica,novela de costumbres,3
435,5,0.00479435920715332,0.003919839859008789,0.7,0.6666666666666665,0.75,0.6,1.0,1.0,1.0,1.0,subgenre-theme,novela histórica,novela de costumbres,3
436,6,0.0048520565032958984,0.004649162292480469,0.9,0.888888888888889,1.0,0.8,1.0,1.0,1.0,1.0,subgenre-theme,novela histórica,novela de costumbres,3
437,7,0.0047833919525146484,0.00399470329284668,0.6,0.6666666666666666,0.5714285714285714,0.8,1.0,1.0,1.0,1.0,subgenre-theme,novela histórica,novela de costumbres,3
438,8,0.004941463470458984,0.003988027572631836,0.9,0.9090909090909091,0.8333333333333334,1.0,1.0,1.0,1.0,1.0,subgenre-theme,novela histórica,novela de costumbres,3
439,9,0.004886627197265625,0.0038857460021972656,0.7,0.7692307692307693,0.625,1.0,1.0,1.0,1.0,1.0,subgenre-theme,novela histórica,novela de costumbres,3
440,0,0.004586458206176758,0.004004955291748047,0.8,0.8000000000000002,0.8,0.8,1.0,1.0,1.0,1.0,subgenre-theme,novela histórica,novela de costumbres,4
441,1,0.004763603210449219,0.004004001617431641,1.0,1.0,1.0,1.0,1.0,1.0,1.0,1.0,subgenre-theme,novela histórica,novela de costumbres,4
442,2,0.00471043586730957,0.003955364227294922,0.6,0.6666666666666666,0.5714285714285714,0.8,1.0,1.0,1.0,1.0,subgenre-theme,novela histórica,novela de costumbres,4
443,3,0.004809379577636719,0.003995180130004883,0.7,0.6666666666666665,0.75,0.6,1.0,1.0,1.0,1.0,subgenre-theme,novela histórica,novela de costumbres,4
444,4,0.004747152328491211,0.003983259201049805,0.7,0.6666666666666665,0.75,0.6,1.0,1.0,1.0,1.0,subgenre-theme,novela histórica,novela de costumbres,4
445,5,0.004852771759033203,0.003958702087402344,0.8,0.8000000000000002,0.8,0.8,1.0,1.0,1.0,1.0,subgenre-theme,novela histórica,novela de costumbres,4
446,6,0.004691362380981445,0.003906965255737305,1.0,1.0,1.0,1.0,1.0,1.0,1.0,1.0,subgenre-theme,novela histórica,novela de costumbres,4
447,7,0.004810333251953125,0.004252910614013672,0.8,0.8333333333333333,0.7142857142857143,1.0,1.0,1.0,1.0,1.0,subgenre-theme,novela histórica,novela de costumbres,4
448,8,0.00478053092956543,0.0039713382720947266,0.7,0.6666666666666665,0.75,0.6,1.0,1.0,1.0,1.0,subgenre-theme,novela histórica,novela de costumbres,4
449,9,0.005404949188232422,0.004215717315673828,0.5,0.5454545454545454,0.5,0.6,1.0,1.0,1.0,1.0,subgenre-theme,novela histórica,novela de costumbres,4
450,0,0.004933357238769531,0.004034519195556641,0.7,0.6666666666666665,0.75,0.6,1.0,1.0,1.0,1.0,subgenre-theme,novela histórica,novela de costumbres,5
451,1,0.00490880012512207,0.0042459964752197266,1.0,1.0,1.0,1.0,1.0,1.0,1.0,1.0,subgenre-theme,novela histórica,novela de costumbres,5
452,2,0.004800319671630859,0.004036903381347656,0.7,0.7692307692307693,0.625,1.0,1.0,1.0,1.0,1.0,subgenre-theme,novela histórica,novela de costumbres,5
453,3,0.004775524139404297,0.004012107849121094,0.9,0.888888888888889,1.0,0.8,1.0,1.0,1.0,1.0,subgenre-theme,novela histórica,novela de costumbres,5
454,4,0.004659891128540039,0.003985404968261719,0.8,0.8000000000000002,0.8,0.8,1.0,1.0,1.0,1.0,subgenre-theme,novela histórica,novela de costumbres,5
455,5,0.004731893539428711,0.004044294357299805,0.9,0.9090909090909091,0.8333333333333334,1.0,1.0,1.0,1.0,1.0,subgenre-theme,novela histórica,novela de costumbres,5
456,6,0.0048410892486572266,0.00403141975402832,0.8,0.7499999999999999,1.0,0.6,1.0,1.0,1.0,1.0,subgenre-theme,novela histórica,novela de costumbres,5
457,7,0.004819631576538086,0.003961324691772461,0.7,0.7272727272727272,0.6666666666666666,0.8,1.0,1.0,1.0,1.0,subgenre-theme,novela histórica,novela de costumbres,5
458,8,0.004981517791748047,0.004088878631591797,0.9,0.9090909090909091,0.8333333333333334,1.0,1.0,1.0,1.0,1.0,subgenre-theme,novela histórica,novela de costumbres,5
459,9,0.004859209060668945,0.00391387939453125,0.5,0.5454545454545454,0.5,0.6,1.0,1.0,1.0,1.0,subgenre-theme,novela histórica,novela de costumbres,5
460,0,0.004744052886962891,0.003962039947509766,0.7,0.6666666666666665,0.75,0.6,1.0,1.0,1.0,1.0,subgenre-theme,novela histórica,novela de costumbres,6
461,1,0.004615068435668945,0.003907203674316406,0.9,0.888888888888889,1.0,0.8,1.0,1.0,1.0,1.0,subgenre-theme,novela histórica,novela de costumbres,6
462,2,0.004567146301269531,0.0038547515869140625,0.5,0.5454545454545454,0.5,0.6,1.0,1.0,1.0,1.0,subgenre-theme,novela histórica,novela de costumbres,6
463,3,0.0045888423919677734,0.0038604736328125,0.8,0.8000000000000002,0.8,0.8,1.0,1.0,1.0,1.0,subgenre-theme,novela histórica,novela de costumbres,6
464,4,0.004576683044433594,0.003835439682006836,0.9,0.9090909090909091,0.8333333333333334,1.0,1.0,1.0,1.0,1.0,subgenre-theme,novela histórica,novela de costumbres,6
465,5,0.004545927047729492,0.0038535594940185547,0.7,0.6666666666666665,0.75,0.6,1.0,1.0,1.0,1.0,subgenre-theme,novela histórica,novela de costumbres,6
466,6,0.004642963409423828,0.003858327865600586,1.0,1.0,1.0,1.0,1.0,1.0,1.0,1.0,subgenre-theme,novela histórica,novela de costumbres,6
467,7,0.005105733871459961,0.003965854644775391,0.6,0.6,0.6,0.6,1.0,1.0,1.0,1.0,subgenre-theme,novela histórica,novela de costumbres,6
468,8,0.004721164703369141,0.003983974456787109,0.9,0.9090909090909091,0.8333333333333334,1.0,1.0,1.0,1.0,1.0,subgenre-theme,novela histórica,novela de costumbres,6
469,9,0.004560947418212891,0.003918170928955078,0.7,0.7272727272727272,0.6666666666666666,0.8,1.0,1.0,1.0,1.0,subgenre-theme,novela histórica,novela de costumbres,6
470,0,0.004779815673828125,0.00399327278137207,0.8,0.8000000000000002,0.8,0.8,1.0,1.0,1.0,1.0,subgenre-theme,novela histórica,novela de costumbres,7
471,1,0.004637479782104492,0.003958702087402344,0.7,0.5714285714285715,1.0,0.4,1.0,1.0,1.0,1.0,subgenre-theme,novela histórica,novela de costumbres,7
472,2,0.004727602005004883,0.0038805007934570312,0.6,0.6666666666666666,0.5714285714285714,0.8,1.0,1.0,1.0,1.0,subgenre-theme,novela histórica,novela de costumbres,7
473,3,0.004674673080444336,0.003892183303833008,0.6,0.6,0.6,0.6,1.0,1.0,1.0,1.0,subgenre-theme,novela histórica,novela de costumbres,7
474,4,0.004400730133056641,0.0038836002349853516,0.7,0.6666666666666665,0.75,0.6,1.0,1.0,1.0,1.0,subgenre-theme,novela histórica,novela de costumbres,7
475,5,0.004687786102294922,0.003923892974853516,0.8,0.8000000000000002,0.8,0.8,1.0,1.0,1.0,1.0,subgenre-theme,novela histórica,novela de costumbres,7
476,6,0.004654645919799805,0.003935098648071289,0.9,0.888888888888889,1.0,0.8,1.0,1.0,1.0,1.0,subgenre-theme,novela histórica,novela de costumbres,7
477,7,0.0047130584716796875,0.003908634185791016,0.6,0.6666666666666666,0.5714285714285714,0.8,1.0,1.0,1.0,1.0,subgenre-theme,novela histórica,novela de costumbres,7
478,8,0.004613399505615234,0.00391697883605957,0.8,0.8000000000000002,0.8,0.8,1.0,1.0,1.0,1.0,subgenre-theme,novela histórica,novela de costumbres,7
479,9,0.004628181457519531,0.003923892974853516,0.5,0.5454545454545454,0.5,0.6,1.0,1.0,1.0,1.0,subgenre-theme,novela histórica,novela de costumbres,7
480,0,0.0048999786376953125,0.0041887760162353516,0.8,0.8000000000000002,0.8,0.8,1.0,1.0,1.0,1.0,subgenre-theme,novela histórica,novela de costumbres,8
481,1,0.004778385162353516,0.004340171813964844,1.0,1.0,1.0,1.0,1.0,1.0,1.0,1.0,subgenre-theme,novela histórica,novela de costumbres,8
482,2,0.004782438278198242,0.004000663757324219,0.7,0.7692307692307693,0.625,1.0,1.0,1.0,1.0,1.0,subgenre-theme,novela histórica,novela de costumbres,8
483,3,0.004773616790771484,0.003998756408691406,0.9,0.888888888888889,1.0,0.8,1.0,1.0,1.0,1.0,subgenre-theme,novela histórica,novela de costumbres,8
484,4,0.004846096038818359,0.003930568695068359,0.8,0.8000000000000002,0.8,0.8,1.0,1.0,1.0,1.0,subgenre-theme,novela histórica,novela de costumbres,8
485,5,0.0047686100006103516,0.0038895606994628906,0.8,0.8000000000000002,0.8,0.8,1.0,1.0,1.0,1.0,subgenre-theme,novela histórica,novela de costumbres,8
486,6,0.004885435104370117,0.003929853439331055,1.0,1.0,1.0,1.0,1.0,1.0,1.0,1.0,subgenre-theme,novela histórica,novela de costumbres,8
487,7,0.004825115203857422,0.003956794738769531,0.7,0.7692307692307693,0.625,1.0,1.0,1.0,1.0,1.0,subgenre-theme,novela histórica,novela de costumbres,8
488,8,0.0048198699951171875,0.003997325897216797,0.8,0.8000000000000002,0.8,0.8,1.0,1.0,1.0,1.0,subgenre-theme,novela histórica,novela de costumbres,8
489,9,0.0047376155853271484,0.003981113433837891,0.6,0.6,0.6,0.6,1.0,1.0,1.0,1.0,subgenre-theme,novela histórica,novela de costumbres,8
490,0,0.004804372787475586,0.004091739654541016,0.7,0.6666666666666665,0.75,0.6,1.0,1.0,1.0,1.0,subgenre-theme,novela histórica,novela de costumbres,9
491,1,0.00481104850769043,0.004052639007568359,0.9,0.9090909090909091,0.8333333333333334,1.0,1.0,1.0,1.0,1.0,subgenre-theme,novela histórica,novela de costumbres,9
492,2,0.004717826843261719,0.00400853157043457,0.6,0.6666666666666666,0.5714285714285714,0.8,1.0,1.0,1.0,1.0,subgenre-theme,novela histórica,novela de costumbres,9
493,3,0.004749298095703125,0.003978729248046875,0.8,0.8000000000000002,0.8,0.8,1.0,1.0,1.0,1.0,subgenre-theme,novela histórica,novela de costumbres,9
494,4,0.0047228336334228516,0.003929615020751953,0.7,0.6666666666666665,0.75,0.6,1.0,1.0,1.0,1.0,subgenre-theme,novela histórica,novela de costumbres,9
495,5,0.004850864410400391,0.00397038459777832,0.8,0.8000000000000002,0.8,0.8,1.0,1.0,1.0,1.0,subgenre-theme,novela histórica,novela de costumbres,9
496,6,0.004823446273803711,0.003988742828369141,0.8,0.7499999999999999,1.0,0.6,1.0,1.0,1.0,1.0,subgenre-theme,novela histórica,novela de costumbres,9
497,7,0.005646228790283203,0.00421595573425293,0.8,0.8333333333333333,0.7142857142857143,1.0,1.0,1.0,1.0,1.0,subgenre-theme,novela histórica,novela de costumbres,9
498,8,0.004934072494506836,0.0042877197265625,0.9,0.9090909090909091,0.8333333333333334,1.0,1.0,1.0,1.0,1.0,subgenre-theme,novela histórica,novela de costumbres,9
499,9,0.0050811767578125,0.004134654998779297,0.6,0.6666666666666666,0.5714285714285714,0.8,1.0,1.0,1.0,1.0,subgenre-theme,novela histórica,novela de costumbres,9
500,0,0.005376577377319336,0.004125356674194336,0.7,0.7272727272727272,0.6666666666666666,0.8,1.0,1.0,1.0,1.0,subgenre-theme,novela sentimental,novela de costumbres,0
501,1,0.005445957183837891,0.004328727722167969,0.5,0.28571428571428575,0.5,0.2,1.0,1.0,1.0,1.0,subgenre-theme,novela sentimental,novela de costumbres,0
502,2,0.005605936050415039,0.004258155822753906,0.4,0.4000000000000001,0.4,0.4,1.0,1.0,1.0,1.0,subgenre-theme,novela sentimental,novela de costumbres,0
503,3,0.005244255065917969,0.0055866241455078125,0.6,0.5,0.6666666666666666,0.4,1.0,1.0,1.0,1.0,subgenre-theme,novela sentimental,novela de costumbres,0
504,4,0.005078554153442383,0.00526118278503418,0.4,0.25,0.3333333333333333,0.2,1.0,1.0,1.0,1.0,subgenre-theme,novela sentimental,novela de costumbres,0
505,5,0.005300283432006836,0.004990339279174805,0.7,0.6666666666666665,0.75,0.6,1.0,1.0,1.0,1.0,subgenre-theme,novela sentimental,novela de costumbres,0
506,6,0.00505518913269043,0.004258394241333008,0.7,0.6666666666666665,0.75,0.6,1.0,1.0,1.0,1.0,subgenre-theme,novela sentimental,novela de costumbres,0
507,7,0.005294084548950195,0.004131793975830078,0.7,0.7272727272727272,0.6666666666666666,0.8,1.0,1.0,1.0,1.0,subgenre-theme,novela sentimental,novela de costumbres,0
508,8,0.005352973937988281,0.004342317581176758,0.7,0.6666666666666665,0.75,0.6,1.0,1.0,1.0,1.0,subgenre-theme,novela sentimental,novela de costumbres,0
509,9,0.005315303802490234,0.004882335662841797,0.5,0.6153846153846154,0.5,0.8,1.0,1.0,1.0,1.0,subgenre-theme,novela sentimental,novela de costumbres,0
510,0,0.005042552947998047,0.004149913787841797,0.7,0.7272727272727272,0.6666666666666666,0.8,1.0,1.0,1.0,1.0,subgenre-theme,novela sentimental,novela de costumbres,1
511,1,0.005243539810180664,0.004050016403198242,0.5,0.28571428571428575,0.5,0.2,1.0,1.0,1.0,1.0,subgenre-theme,novela sentimental,novela de costumbres,1
512,2,0.004985332489013672,0.004297971725463867,0.4,0.4000000000000001,0.4,0.4,1.0,1.0,1.0,1.0,subgenre-theme,novela sentimental,novela de costumbres,1
513,3,0.005205869674682617,0.004392147064208984,0.5,0.4444444444444445,0.5,0.4,1.0,1.0,1.0,1.0,subgenre-theme,novela sentimental,novela de costumbres,1
514,4,0.005097866058349609,0.004294395446777344,0.5,0.28571428571428575,0.5,0.2,1.0,1.0,1.0,1.0,subgenre-theme,novela sentimental,novela de costumbres,1
515,5,0.005130767822265625,0.003973722457885742,0.7,0.6666666666666665,0.75,0.6,1.0,1.0,1.0,1.0,subgenre-theme,novela sentimental,novela de costumbres,1
516,6,0.005120038986206055,0.003960609436035156,0.8,0.8000000000000002,0.8,0.8,1.0,1.0,1.0,1.0,subgenre-theme,novela sentimental,novela de costumbres,1
517,7,0.00543665885925293,0.004396677017211914,0.7,0.7272727272727272,0.6666666666666666,0.8,1.0,1.0,1.0,1.0,subgenre-theme,novela sentimental,novela de costumbres,1
518,8,0.005249500274658203,0.004042148590087891,0.5,0.28571428571428575,0.5,0.2,1.0,1.0,1.0,1.0,subgenre-theme,novela sentimental,novela de costumbres,1
519,9,0.005130290985107422,0.003963470458984375,0.5,0.6153846153846154,0.5,0.8,1.0,1.0,1.0,1.0,subgenre-theme,novela sentimental,novela de costumbres,1
520,0,0.0051534175872802734,0.004225730895996094,0.6,0.6666666666666666,0.5714285714285714,0.8,1.0,1.0,1.0,1.0,subgenre-theme,novela sentimental,novela de costumbres,2
521,1,0.005236148834228516,0.004053831100463867,0.6,0.5,0.6666666666666666,0.4,1.0,1.0,1.0,1.0,subgenre-theme,novela sentimental,novela de costumbres,2
522,2,0.0050809383392333984,0.004059314727783203,0.3,0.22222222222222224,0.25,0.2,1.0,1.0,1.0,1.0,subgenre-theme,novela sentimental,novela de costumbres,2
523,3,0.005342245101928711,0.004420280456542969,0.5,0.4444444444444445,0.5,0.4,1.0,1.0,1.0,1.0,subgenre-theme,novela sentimental,novela de costumbres,2
524,4,0.005043745040893555,0.004099607467651367,0.5,0.4444444444444445,0.5,0.4,1.0,1.0,1.0,1.0,subgenre-theme,novela sentimental,novela de costumbres,2
525,5,0.005217552185058594,0.004025459289550781,0.7,0.6666666666666665,0.75,0.6,1.0,1.0,1.0,1.0,subgenre-theme,novela sentimental,novela de costumbres,2
526,6,0.005151510238647461,0.0040247440338134766,0.7,0.6666666666666665,0.75,0.6,1.0,1.0,1.0,1.0,subgenre-theme,novela sentimental,novela de costumbres,2
527,7,0.005221366882324219,0.0041255950927734375,0.7,0.7272727272727272,0.6666666666666666,0.8,1.0,1.0,1.0,1.0,subgenre-theme,novela sentimental,novela de costumbres,2
528,8,0.00498509407043457,0.0040204524993896484,0.6,0.5,0.6666666666666666,0.4,1.0,1.0,1.0,1.0,subgenre-theme,novela sentimental,novela de costumbres,2
529,9,0.005133152008056641,0.004045724868774414,0.5,0.6153846153846154,0.5,0.8,1.0,1.0,1.0,1.0,subgenre-theme,novela sentimental,novela de costumbres,2
530,0,0.005185604095458984,0.0040760040283203125,0.6,0.6666666666666666,0.5714285714285714,0.8,1.0,1.0,1.0,1.0,subgenre-theme,novela sentimental,novela de costumbres,3
531,1,0.005164146423339844,0.004124879837036133,0.6,0.5,0.6666666666666666,0.4,1.0,1.0,1.0,1.0,subgenre-theme,novela sentimental,novela de costumbres,3
532,2,0.004904985427856445,0.00409698486328125,0.3,0.22222222222222224,0.25,0.2,1.0,1.0,1.0,1.0,subgenre-theme,novela sentimental,novela de costumbres,3
533,3,0.005187034606933594,0.004031658172607422,0.5,0.4444444444444445,0.5,0.4,1.0,1.0,1.0,1.0,subgenre-theme,novela sentimental,novela de costumbres,3
534,4,0.005033969879150391,0.0040073394775390625,0.5,0.28571428571428575,0.5,0.2,1.0,1.0,1.0,1.0,subgenre-theme,novela sentimental,novela de costumbres,3
535,5,0.0051043033599853516,0.004080772399902344,0.7,0.6666666666666665,0.75,0.6,1.0,1.0,1.0,1.0,subgenre-theme,novela sentimental,novela de costumbres,3
536,6,0.005144834518432617,0.0040760040283203125,0.6,0.5,0.6666666666666666,0.4,1.0,1.0,1.0,1.0,subgenre-theme,novela sentimental,novela de costumbres,3
537,7,0.00516200065612793,0.004297733306884766,0.8,0.8333333333333333,0.7142857142857143,1.0,1.0,1.0,1.0,1.0,subgenre-theme,novela sentimental,novela de costumbres,3
538,8,0.005168914794921875,0.0040209293365478516,0.6,0.5,0.6666666666666666,0.4,1.0,1.0,1.0,1.0,subgenre-theme,novela sentimental,novela de costumbres,3
539,9,0.0051593780517578125,0.003993511199951172,0.5,0.6153846153846154,0.5,0.8,1.0,1.0,1.0,1.0,subgenre-theme,novela sentimental,novela de costumbres,3
540,0,0.0049855709075927734,0.0040247440338134766,0.6,0.6666666666666666,0.5714285714285714,0.8,1.0,1.0,1.0,1.0,subgenre-theme,novela sentimental,novela de costumbres,4
541,1,0.005143404006958008,0.004066944122314453,0.5,0.28571428571428575,0.5,0.2,1.0,1.0,1.0,1.0,subgenre-theme,novela sentimental,novela de costumbres,4
542,2,0.004910707473754883,0.003989696502685547,0.4,0.4000000000000001,0.4,0.4,1.0,1.0,1.0,1.0,subgenre-theme,novela sentimental,novela de costumbres,4
543,3,0.005033969879150391,0.003953695297241211,0.5,0.28571428571428575,0.5,0.2,1.0,1.0,1.0,1.0,subgenre-theme,novela sentimental,novela de costumbres,4
544,4,0.005030632019042969,0.0039806365966796875,0.5,0.28571428571428575,0.5,0.2,1.0,1.0,1.0,1.0,subgenre-theme,novela sentimental,novela de costumbres,4
545,5,0.004964351654052734,0.003947734832763672,0.7,0.7272727272727272,0.6666666666666666,0.8,1.0,1.0,1.0,1.0,subgenre-theme,novela sentimental,novela de costumbres,4
546,6,0.005006074905395508,0.003981590270996094,0.5,0.4444444444444445,0.5,0.4,1.0,1.0,1.0,1.0,subgenre-theme,novela sentimental,novela de costumbres,4
547,7,0.0051076412200927734,0.003989219665527344,0.8,0.8333333333333333,0.7142857142857143,1.0,1.0,1.0,1.0,1.0,subgenre-theme,novela sentimental,novela de costumbres,4
548,8,0.004971742630004883,0.0039539337158203125,0.6,0.5,0.6666666666666666,0.4,1.0,1.0,1.0,1.0,subgenre-theme,novela sentimental,novela de costumbres,4
549,9,0.0049283504486083984,0.00410151481628418,0.5,0.6153846153846154,0.5,0.8,1.0,1.0,1.0,1.0,subgenre-theme,novela sentimental,novela de costumbres,4
550,0,0.005055665969848633,0.004126310348510742,0.7,0.7272727272727272,0.6666666666666666,0.8,1.0,1.0,1.0,1.0,subgenre-theme,novela sentimental,novela de costumbres,5
551,1,0.005179166793823242,0.004016876220703125,0.6,0.5,0.6666666666666666,0.4,1.0,1.0,1.0,1.0,subgenre-theme,novela sentimental,novela de costumbres,5
552,2,0.005003452301025391,0.004270792007446289,0.3,0.22222222222222224,0.25,0.2,1.0,1.0,1.0,1.0,subgenre-theme,novela sentimental,novela de costumbres,5
553,3,0.005314826965332031,0.004165172576904297,0.5,0.28571428571428575,0.5,0.2,1.0,1.0,1.0,1.0,subgenre-theme,novela sentimental,novela de costumbres,5
554,4,0.005279541015625,0.004342794418334961,0.5,0.4444444444444445,0.5,0.4,1.0,1.0,1.0,1.0,subgenre-theme,novela sentimental,novela de costumbres,5
555,5,0.005220890045166016,0.004109382629394531,0.6,0.5,0.6666666666666666,0.4,1.0,1.0,1.0,1.0,subgenre-theme,novela sentimental,novela de costumbres,5
556,6,0.0053081512451171875,0.004160165786743164,0.8,0.8000000000000002,0.8,0.8,1.0,1.0,1.0,1.0,subgenre-theme,novela sentimental,novela de costumbres,5
557,7,0.005333423614501953,0.004194974899291992,0.7,0.7272727272727272,0.6666666666666666,0.8,1.0,1.0,1.0,1.0,subgenre-theme,novela sentimental,novela de costumbres,5
558,8,0.005297183990478516,0.004113435745239258,0.7,0.6666666666666665,0.75,0.6,1.0,1.0,1.0,1.0,subgenre-theme,novela sentimental,novela de costumbres,5
559,9,0.005120515823364258,0.004029035568237305,0.5,0.6153846153846154,0.5,0.8,1.0,1.0,1.0,1.0,subgenre-theme,novela sentimental,novela de costumbres,5
560,0,0.004991769790649414,0.003960847854614258,0.6,0.6,0.6,0.6,1.0,1.0,1.0,1.0,subgenre-theme,novela sentimental,novela de costumbres,6
561,1,0.005136251449584961,0.0040400028228759766,0.5,0.28571428571428575,0.5,0.2,1.0,1.0,1.0,1.0,subgenre-theme,novela sentimental,novela de costumbres,6
562,2,0.004954338073730469,0.004032135009765625,0.4,0.4000000000000001,0.4,0.4,1.0,1.0,1.0,1.0,subgenre-theme,novela sentimental,novela de costumbres,6
563,3,0.005090951919555664,0.00394439697265625,0.7,0.5714285714285715,1.0,0.4,1.0,1.0,1.0,1.0,subgenre-theme,novela sentimental,novela de costumbres,6
564,4,0.005000114440917969,0.003923177719116211,0.5,0.4444444444444445,0.5,0.4,1.0,1.0,1.0,1.0,subgenre-theme,novela sentimental,novela de costumbres,6
565,5,0.004987001419067383,0.004261493682861328,0.7,0.6666666666666665,0.75,0.6,1.0,1.0,1.0,1.0,subgenre-theme,novela sentimental,novela de costumbres,6
566,6,0.005022764205932617,0.0040819644927978516,0.7,0.6666666666666665,0.75,0.6,1.0,1.0,1.0,1.0,subgenre-theme,novela sentimental,novela de costumbres,6
567,7,0.0049936771392822266,0.004003047943115234,0.7,0.7272727272727272,0.6666666666666666,0.8,1.0,1.0,1.0,1.0,subgenre-theme,novela sentimental,novela de costumbres,6
568,8,0.005093097686767578,0.00391387939453125,0.8,0.8000000000000002,0.8,0.8,1.0,1.0,1.0,1.0,subgenre-theme,novela sentimental,novela de costumbres,6
569,9,0.004945516586303711,0.003918170928955078,0.6,0.6666666666666666,0.5714285714285714,0.8,1.0,1.0,1.0,1.0,subgenre-theme,novela sentimental,novela de costumbres,6
570,0,0.005078315734863281,0.004091978073120117,0.5,0.5454545454545454,0.5,0.6,1.0,1.0,1.0,1.0,subgenre-theme,novela sentimental,novela de costumbres,7
571,1,0.00506591796875,0.0040476322174072266,0.6,0.5,0.6666666666666666,0.4,1.0,1.0,1.0,1.0,subgenre-theme,novela sentimental,novela de costumbres,7
572,2,0.004988670349121094,0.004026651382446289,0.4,0.4000000000000001,0.4,0.4,1.0,1.0,1.0,1.0,subgenre-theme,novela sentimental,novela de costumbres,7
573,3,0.005182027816772461,0.004021644592285156,0.6,0.5,0.6666666666666666,0.4,1.0,1.0,1.0,1.0,subgenre-theme,novela sentimental,novela de costumbres,7
574,4,0.005000114440917969,0.004059791564941406,0.4,0.25,0.3333333333333333,0.2,1.0,1.0,1.0,1.0,subgenre-theme,novela sentimental,novela de costumbres,7
575,5,0.005033969879150391,0.004053354263305664,0.7,0.6666666666666665,0.75,0.6,1.0,1.0,1.0,1.0,subgenre-theme,novela sentimental,novela de costumbres,7
576,6,0.005018711090087891,0.003981351852416992,0.8,0.8000000000000002,0.8,0.8,1.0,1.0,1.0,1.0,subgenre-theme,novela sentimental,novela de costumbres,7
577,7,0.005252361297607422,0.004116535186767578,0.6,0.6,0.6,0.6,1.0,1.0,1.0,1.0,subgenre-theme,novela sentimental,novela de costumbres,7
578,8,0.005114316940307617,0.0040645599365234375,0.7,0.6666666666666665,0.75,0.6,1.0,1.0,1.0,1.0,subgenre-theme,novela sentimental,novela de costumbres,7
579,9,0.005074977874755859,0.004065990447998047,0.5,0.6153846153846154,0.5,0.8,1.0,1.0,1.0,1.0,subgenre-theme,novela sentimental,novela de costumbres,7
580,0,0.00521540641784668,0.004149436950683594,0.6,0.6666666666666666,0.5714285714285714,0.8,1.0,1.0,1.0,1.0,subgenre-theme,novela sentimental,novela de costumbres,8
581,1,0.005163669586181641,0.003996372222900391,0.7,0.6666666666666665,0.75,0.6,1.0,1.0,1.0,1.0,subgenre-theme,novela sentimental,novela de costumbres,8
582,2,0.0050313472747802734,0.0039675235748291016,0.3,0.22222222222222224,0.25,0.2,1.0,1.0,1.0,1.0,subgenre-theme,novela sentimental,novela de costumbres,8
583,3,0.005091428756713867,0.005136728286743164,0.7,0.5714285714285715,1.0,0.4,1.0,1.0,1.0,1.0,subgenre-theme,novela sentimental,novela de costumbres,8
584,4,0.0051343441009521484,0.00416874885559082,0.6,0.5,0.6666666666666666,0.4,1.0,1.0,1.0,1.0,subgenre-theme,novela sentimental,novela de costumbres,8
585,5,0.0051729679107666016,0.004094600677490234,0.7,0.7272727272727272,0.6666666666666666,0.8,1.0,1.0,1.0,1.0,subgenre-theme,novela sentimental,novela de costumbres,8
586,6,0.005199432373046875,0.004078388214111328,0.7,0.6666666666666665,0.75,0.6,1.0,1.0,1.0,1.0,subgenre-theme,novela sentimental,novela de costumbres,8
587,7,0.005460500717163086,0.004210948944091797,0.8,0.8333333333333333,0.7142857142857143,1.0,1.0,1.0,1.0,1.0,subgenre-theme,novela sentimental,novela de costumbres,8
588,8,0.0051343441009521484,0.004103660583496094,0.5,0.28571428571428575,0.5,0.2,1.0,1.0,1.0,1.0,subgenre-theme,novela sentimental,novela de costumbres,8
589,9,0.005105733871459961,0.0040760040283203125,0.5,0.6153846153846154,0.5,0.8,1.0,1.0,1.0,1.0,subgenre-theme,novela sentimental,novela de costumbres,8
590,0,0.005091190338134766,0.004132747650146484,0.8,0.8000000000000002,0.8,0.8,1.0,1.0,1.0,1.0,subgenre-theme,novela sentimental,novela de costumbres,9
591,1,0.005103588104248047,0.004019737243652344,0.6,0.5,0.6666666666666666,0.4,1.0,1.0,1.0,1.0,subgenre-theme,novela sentimental,novela de costumbres,9
592,2,0.0050389766693115234,0.004000663757324219,0.4,0.4000000000000001,0.4,0.4,1.0,1.0,1.0,1.0,subgenre-theme,novela sentimental,novela de costumbres,9
593,3,0.005052804946899414,0.00392603874206543,0.5,0.4444444444444445,0.5,0.4,1.0,1.0,1.0,1.0,subgenre-theme,novela sentimental,novela de costumbres,9
594,4,0.0054666996002197266,0.004025459289550781,0.7,0.5714285714285715,1.0,0.4,1.0,1.0,1.0,1.0,subgenre-theme,novela sentimental,novela de costumbres,9
595,5,0.005202293395996094,0.005222797393798828,0.8,0.8000000000000002,0.8,0.8,1.0,1.0,1.0,1.0,subgenre-theme,novela sentimental,novela de costumbres,9
596,6,0.005331516265869141,0.004088640213012695,0.6,0.5,0.6666666666666666,0.4,1.0,1.0,1.0,1.0,subgenre-theme,novela sentimental,novela de costumbres,9
597,7,0.005245685577392578,0.004049777984619141,0.8,0.8333333333333333,0.7142857142857143,1.0,1.0,1.0,1.0,1.0,subgenre-theme,novela sentimental,novela de costumbres,9
598,8,0.005203723907470703,0.004120588302612305,0.6,0.5,0.6666666666666666,0.4,1.0,1.0,1.0,1.0,subgenre-theme,novela sentimental,novela de costumbres,9
599,9,0.005070924758911133,0.004427909851074219,0.5,0.5454545454545454,0.5,0.6,1.0,1.0,1.0,1.0,subgenre-theme,novela sentimental,novela de costumbres,9
